avito_id,brand,model,cpu,ram,storage,ssd,gpu,gpu_type,gpu_vram,screen_size,refresh_rate,price,score,city,new,touchscreen,is_shop,has_delivery,link,description,content_hash,is_sold
78093735,Dell,Latitude 5420,i5-1145g7,16.0,256.0,1.0,,,,14.0,,2990.0,221,Casablanca,0.0,,True,False,https://www.avito.ma/fr/abdelmoumen/ordinateurs_portables/Dell_Latitude_5420_i5_11ème_Gén_58571215.htm,dell latitude 5420 i5 11ème gén dell latitude 5420 back to school à la recherche,,False
77802617,Lenovo,Thinkpad T14,i5-10310u,16.0,256.0,1.0,,,,14.0,,3450.0,228,Casablanca,0.0,1.0,True,False,https://www.avito.ma/fr/abdelmoumen/ordinateurs_portables/Lenovo_Thinkpad_T14_58299921.htm,lenovo thinkpad t14 lenovo thinkpad t14 est un pc portable de 14 pouces tactile avec,,False
77629394,Dell,Pro Max 16,Core Ultra 7 265h,32.0,512.0,1.0,Rtx Pro 10,Dedicated,8.0,16.0,,22500.0,519,Rabat,1.0,,True,True,https://www.avito.ma/fr/les_orangers/ordinateurs_portables/Dell_Pro_Max_16_Premium___ULTRA_7___RTX_PRO_1000_58137033.htm,dell pro max 16 premium ultra 7 rtx pro 10 processeur intel core ultra 7 265h carte,,False
78273102,Hp,Probook G5,i7,8.0,256.0,1.0,,,,,,2600.0,170,Tanger,0.0,,False,False,https://www.avito.ma/fr/tanger/ordinateurs_portables/Hp_probook_g5_core_i7_8eme_58740588.htm,hp probook g5 core i7 8eme je vends un ordinateur portable hp probook g5 core i7,,False
78273028,Hp,Probook 460 G11,Core Ultra 7 155u,16.0,512.0,1.0,Intel Graphics,Integrated,9.0,16.0,,6999.0,269,Kénitra,,,True,True,https://www.avito.ma/fr/maamora/ordinateurs_portables/___Hp_Probook_460_16_pouces_G11_Ultra_7_16Go_512SSD_58740538.htm,hp probook 460 16 pouces g11 ultra 7 16go 512ssd 14ème génération cpu intel core,,False
78273025,Asus,Rog Strix G16 G614fr,Ryzen 9 9955hx,32.0,1000.0,1.0,Rtx 5070 Ti,Dedicated,12.0,16.0,240.0,25000.0,619,Casablanca,0.0,,True,False,https://www.avito.ma/fr/oulfa/ordinateurs_portables/Asus_rog_strix_G16_Ryzen_9_9955HX_Rtx5070Ti_58740536.htm,asus rog strix g16 ryzen 9 9955hx rtx5070ti asus rog strix g16 g614fr pc gamer haut,,False
78273014,Msi,Prestige 15 A10sc,i7-10710u,32.0,512.0,1.0,Gtx 1650,Dedicated,4.0,15.6,,3999.0,344,Kénitra,,,True,True,https://www.avito.ma/fr/maamora/ordinateurs_portables/___MSI_Prestige_15_A10SC_i7_32RAM_512SSD_GTX1650_58740528.htm,msi prestige 15 a10sc i7 32ram 512ssd gtx1650 10ème génération cpu intel core i7,,False
78273001,Dell,Latitude 50,Core Ultra 7 165u,16.0,512.0,1.0,Intel Graphics,Integrated,9.0,15.6,,6500.0,270,Kénitra,,,True,True,https://www.avito.ma/fr/maamora/ordinateurs_portables/DELL_Latitude_5550_14ème_Génération_Ultra_7_16Go_RAM_512Go_SSD_58740520.htm,dell latitude 50 14ème génération ultra 7 16go ram 512go ssd 14ème génération cpu,,False
78272991,Dell,Precision 3580,i7-1370p,32.0,10.0,1.0,Rtx A500,Dedicated,4.0,15.6,,6800.0,366,Kénitra,,,True,True,https://www.avito.ma/fr/maamora/ordinateurs_portables/DELL_Precision_3580_i7_1370P_32Go_1To_SSD_RTXA500_58740512.htm,dell precision 3580 i7 1370p 32go 1to ssd rtxa500 13ème génération cpu intel core,,False
78272979,Dell,G16 7630,i9-13900hx,32.0,10.0,1.0,Rtx 4070,Dedicated,8.0,16.0,,13700.0,503,Kénitra,,,True,True,https://www.avito.ma/fr/maamora/ordinateurs_portables/DELL_G16_7630_2K_i9_HX_32Go_RAM_1To_SSD_RTX4070_8Go_58740505.htm,dell g16 7630 2k i9 hx 32go ram 1to ssd rtx4070 8go 13ème génération cpu intel core,,False
78272966,Surface,Laptop 2,i5-8250u,8.0,128.0,1.0,Intel Uhd Graphics 620,Integrated,4.0,14.0,,3300.0,198,Kénitra,,1.0,True,True,https://www.avito.ma/fr/maamora/ordinateurs_portables/__Surface_Laptop_2__i5_8Go_RAM_128Go_SSD_2K_Tactile____58740495.htm,surface laptop 2 i5 8go ram 128go ssd 2k tactile 8ème génération cpu intel core i5,,False
78272957,Hp,Victus,Ryzen 5 8645hs,16.0,512.0,1.0,Rtx 3050,Dedicated,6.0,15.6,,7999.0,391,Kénitra,,,True,True,https://www.avito.ma/fr/maamora/ordinateurs_portables/HP_Victus_Ryzen_8645HS_16ram_512SSD_RTX3050_6Vram_58740491.htm,hp victus ryzen 8645hs 16ram 512ssd rtx3050 6vram 14ème génération cpu amd ryzen,,False
78272916,Dell,Xps 13 9305,i7-1165g7,16.0,512.0,1.0,Intel Iris Xe Graphics,Integrated,8.0,13.3,,5300.0,270,Kénitra,,,True,True,https://www.avito.ma/fr/maamora/ordinateurs_portables/_______DELL_XPS_13_9305_i7_16RAM_512SSD________58740468.htm,dell xps 13 9305 i7 16ram 512ssd 11ème génération cpu intel core i7 1165g7 12m cache,,False
78272905,Dell,13 9310,i7-1185g7,16.0,10.0,1.0,Intel Iris Xe Graphics,Integrated,8.0,13.3,,5700.0,250,Kénitra,,1.0,True,True,https://www.avito.ma/fr/maamora/ordinateurs_portables/__DELL_13_9310_i7_16ram_1000SSD_4K_Tactile____58740459.htm,dell 13 9310 i7 16ram 10ssd 4k tactile 11ème génération cpu intel core i7 1185g7,,False
78272897,Lg,Gram 17zd90t,Core Ultra 7 225h,16.0,10.0,1.0,Intel Arc 140 T Gpu,Dedicated,8.0,17.0,,6999.0,188,Kénitra,,,True,True,https://www.avito.ma/fr/maamora/ordinateurs_portables/___LG_Gram_17ZD90T_Ultra_7_225H_16Go_1000SSD____58740452.htm,lg gram 17zd90t ultra 7 225h 16go 10ssd 14ème génération cpu intel core ultra 7 225h,,False
78272880,Apple,Macbook Pro 13 2018,i7,16.0,,,Intel Iris Plus Graphics 655,Integrated,1.5,13.3,,4800.0,231,Rabat,0.0,,False,False,https://www.avito.ma/fr/quartier_de_l_océan/ordinateurs_portables/MacBook_Pro_13__2018____Intel_Core_i7_16_Go_RAM_58740440.htm,macbook pro 13 2018 intel core i7 16 go ram à vendre macbook pro 13 pouces 2018 puissant,,False
78272869,Samsung,X360 16,Core Ultra 7 155h,16.0,512.0,1.0,Intel Arc Graphics,Dedicated,8.0,16.0,,6500.0,300,Kénitra,,1.0,True,True,https://www.avito.ma/fr/maamora/ordinateurs_portables/Samsung_X360_16_Ultra_7_155H_16Go_512SSD_Tactile_58740433.htm,samsung x360 16 ultra 7 155h 16go 512ssd tactile 14ème génération cpu intel core,,False
78272850,Hp,Omnibook 7 14,Core Ultra 7 255u,16.0,10.0,1.0,Intel Graphics,Integrated,9.0,14.0,,7999.0,237,Kénitra,,,True,True,https://www.avito.ma/fr/maamora/ordinateurs_portables/____HP_OmniBook_7_14_Ultra_7_255U_16Go_RAM_1000Go_SSD_____58740419.htm,hp omnibook 7 14 ultra 7 255u 16go ram 10go ssd 14ème génération cpu intel core ultra,,False
78272839,Hp,Pavilion Plus,Core Ultra 7 155h,32.0,10.0,1.0,Intel Arc Graphics,Dedicated,18.0,14.0,,7300.0,273,Kénitra,,,True,True,https://www.avito.ma/fr/maamora/ordinateurs_portables/__HP_Pavilion_Plus_Ultra_7_155H_32RAM_1000SSD___58740392.htm,hp pavilion plus ultra 7 155h 32ram 10ssd 14ème génération cpu intel core ultra 7,,False
78212282,Dell,Inspiron 7577 Gaming,i7-7700hq,32.0,1000.0,,Gtx 1060,Dedicated,6.0,15.6,,6500.0,318,Kénitra,0.0,,False,False,https://www.avito.ma/fr/kénitra/ordinateurs_portables/Dell_Gamer_GTX_1060_6Go___32Go_RAM_58683078.htm,dell gamer gtx 1060 6go 32go ram dell inspiron 7577 gaming en très bon état. pc puissant,,False
78272825,Asus,Expertbook,i7-1255u,16.0,10.0,1.0,Intel Iris Xe Graphics,Integrated,8.0,14.0,,5300.0,250,Kénitra,,,True,True,https://www.avito.ma/fr/maamora/ordinateurs_portables/ASUS_EXPERTBOOK_I7_12ème_Génération_16Go_RAM_1000Go_SSD_58740350.htm,asus expertbook i7 12ème génération 16go ram 10go ssd 12ème génération cpu intel,,False
78272808,Hp,Elitebook 640 14 G11,Core Ultra 5 135u,16.0,512.0,1.0,Intel Graphics,Integrated,9.0,14.0,,5500.0,270,Kénitra,,,True,True,https://www.avito.ma/fr/maamora/ordinateurs_portables/____HP_EliteBook_640_14_G11_Ultra_5_16RAM_512SSD___58740320.htm,hp elitebook 640 14 g11 ultra 5 16ram 512ssd 14ème génération cpu intel core ultra,,False
78272773,Dell,Pro 13 Plus X360,Core Ultra 5 235u,32.0,512.0,1.0,Intel Graphics,Integrated,18.0,13.3,,6900.0,298,Kénitra,,1.0,True,True,https://www.avito.ma/fr/maamora/ordinateurs_portables/DELL_Pro_13_plus_X360_Tactile_Ultra5_32ram_512SSD_58740294.htm,dell pro 13 plus x360 tactile ultra5 32ram 512ssd 14ème génération cpu intel core,,False
78272733,Lenovo,Thinkpad T14,i7-1355u,16.0,512.0,1.0,Intel Iris Xe Graphics,Integrated,8.0,14.0,,5800.0,305,Kénitra,,1.0,True,True,https://www.avito.ma/fr/maamora/ordinateurs_portables/Lenovo_Thinkpad_T14_i7_13ème_Gén_16Go_512SSD_Tactile_58740282.htm,lenovo thinkpad t14 i7 13ème gén 16go 512ssd tactile 13ème génération cpu intel core,,False
78272762,Apple,Macbook Air M2,M2,8.0,256.0,,Apple M2 Graphics,Integrated,,,,7200.0,246,Casablanca,0.0,,False,False,https://www.avito.ma/fr/sidi_maarouf/ordinateurs_portables/MacBook_Air_M2_8_256_Argent_58740280.htm,macbook air m2 8 256 argent macbook air m2 8 256 argent 90 255 cycles magsafe 30w,,True
78272716,Surface,Laptop Go 3,i5-1235u,16.0,256.0,1.0,Intel Iris Xe Graphics,Integrated,4.0,13.3,,4500.0,268,Kénitra,,1.0,True,True,https://www.avito.ma/fr/maamora/ordinateurs_portables/__Surface_laptop_Go_3_i5_12ème_Gén_16ram_256SSD_Tactile_58740247.htm,surface laptop go 3 i5 12ème gén 16ram 256ssd tactile 12ème génération cpu intel,,False
78272694,Hp,Zbook Fury G11,i9-14900hx,64.0,10.0,1.0,Rtx 50 Ada Generation,Dedicated,16.0,16.0,,14300.0,512,Kénitra,,,True,True,https://www.avito.ma/fr/maamora/ordinateurs_portables/HP_ZBook_Fury_G11_i9_14ème_Gén_64Go_1To_RTX5000_16Vram_58740228.htm,hp zbook fury g11 i9 14ème gén 64go 1to rtx50 16vram 14ème génération processeur,,False
78272655,Asus,Zenbook Produo,i9-12900h,32.0,10.0,1.0,Rtx 3060,Dedicated,6.0,15.6,,10700.0,439,Kénitra,,1.0,True,True,https://www.avito.ma/fr/maamora/ordinateurs_portables/ASUS_ZenBook_ProDuo_i9_32Go_1ToSSD_RTX3060_Tactile_58740200.htm,asus zenbook produo i9 32go 1tossd rtx3060 tactile 12ème génération cpu intel core,,False
78272609,Samsung,,i5-1335u,16.0,512.0,1.0,Intel Iris Xe Graphics,Integrated,8.0,15.6,,4100.0,287,Kénitra,,,True,True,https://www.avito.ma/fr/maamora/ordinateurs_portables/_____Samsung_i5_13ème_Gén_16ram_512SSD______58740164.htm,samsung i5 13ème gén 16ram 512ssd 13ème génération cpu intel core i5 1335u total,,False
78272594,Asus,Vivobook,i7-1255u,16.0,512.0,1.0,Intel Iris Xe Graphics,Integrated,8.0,15.6,,4900.0,286,Kénitra,,,True,True,https://www.avito.ma/fr/maamora/ordinateurs_portables/__ASUS_Vivobook_i7_12ème_Gén_16ram_512SSD____58740152.htm,asus vivobook i7 12ème gén 16ram 512ssd 12ème génération cpu intel core i7 1255u,,False
78194632,Razer,Blade Advanced,i9-11900h,32.0,1000.0,1.0,Rtx 3080,Dedicated,16.0,15.6,,0.0,502,Safi,0.0,,True,False,https://www.avito.ma/fr/jerifat/ordinateurs_portables/Razer_blade_Advanced_Rtx_3080__i9_11900H_32GB_1TB_58666448.htm,razer blade advanced rtx 3080 i9 11900h 32gb 1tb razer blade advanced nvidia rtx,83fb60aeb37b054aec38e3abb05cf78c,False
78114737,Apple,Macbook Air 13,M5,16.0,512.0,1.0,,Integrated,,13.0,,0.0,300,Safi,1.0,,True,False,https://www.avito.ma/fr/jerifat/ordinateurs_portables/MacBook_Air_13_2026_M5_ram_16GB_512GB_SSD_Silver_58590657.htm,macbook air 13 2026 m5 ram 16gb 512gb ssd silver 1 macbook air 13 2026 m5 ram 16gb,42d277e08702de95a741c25b9aad6193,False
72523725,Dell,Latitude 5340 X360,i5-1345u,8.0,256.0,1.0,Iris Xe Graphics,Integrated,,13.3,,5594.0,319,Casablanca,1.0,1.0,True,False,https://www.avito.ma/fr/maarif/ordinateurs_portables/Latitude_5340_x360_tactile_Neuf_53978629.htm,latitude 5340 x360 tactile neuf intel i5 1345u 4.70ghz max turbo 12 cpu graphique,286f8fbd24f80d143c18327a58a1f139,False
78304610,,,i7-1165g7,8.0,512.0,1.0,,Integrated,,,,3500.0,176,Rabat,,,False,False,https://www.avito.ma/fr/rabat/ordinateurs_portables/Pc_Portable_Nouvelle_generation_58770634.htm,pc portable nouvelle generation ce pc continent i7 11ème génération 1165g7 8 go ram,a554a9c2428cbe4b90f23551e5685cd1,False
77141184,Dell,Precision 7520,i7-7820hq,32.0,512.0,1.0,Quadro M1200,Dedicated,,15.0,,4999.0,341,Casablanca,0.0,,True,False,https://www.avito.ma/fr/maarif/ordinateurs_portables/DELL_Precision_7520_Station_de_travail_57681971.htm,dell precision 7520 station de travail processeur intel core i7 7820hq mémoire vive,84b5900daa8901fcd4f4a7684c29dfa7,False
78304958,Acer,Nitro V 15,i7-13620h,16.0,512.0,1.0,Rtx 5060,Dedicated,8.0,15.6,165.0,13000.0,491,Khouribga,0.0,,False,False,https://www.avito.ma/fr/khouribga/ordinateurs_portables/___Acer_Nitro_V_15___RTX_5060____58770568.htm,acer nitro v 15 rtx 5060 acer nitro v 15 rtx 5060 rtx 5060 8gb gddr7 graphismes nouvelle,2d3afef2637fa0ed8ae9f29b6bb8e74a,False
78108223,Hp,Probook 450 G3,i5,8.0,256.0,1.0,,,,,,2200.0,166,Rabat,,,True,False,https://www.avito.ma/fr/autre_secteur/ordinateurs_portables/HP_PROBOOK_450_G3_I5_6MEM_256SSD_8RAM_58584857.htm,hp probook 450 g3 i5 6mem 256ssd 8ram hp probook 450 g3 i5 6mem 256ssd 8ram,2994c4796b56a8a55cbbbf59522abf15,False
77928207,Lenovo,Thinkpad,i5,16.0,256.0,1.0,,,,,,3300.0,200,Temara,,,True,False,https://www.avito.ma/fr/autre_secteur/ordinateurs_portables/LENOVO_THINKPAD_I5_10ÈME_GÉNÉRATION_16RAM_256SSD_58417249.htm,lenovo thinkpad i5 10ème génération 16ram 256ssd lenovo thinkpad i5 10ème génération,87ba626b23b91f031e985677afc5f6f9,False
78237288,Hp,Omen Max,Ultra 9 275hx,32.0,1000.0,1.0,Rtx 5070 Ti,Dedicated,12.0,16.0,240.0,0.0,701,Safi,1.0,,True,False,https://www.avito.ma/fr/jerifat/ordinateurs_portables/HP_OMEN_MAX_Intel_Ultra_9_RTX_5070_Ti_32G_1TB_SSD_58706645.htm,hp omen max intel ultra 9 rtx 5070 ti 32g 1tb ssd hp omen max intel ultra 9 275hx,51c49ab1a2e347b5ea95c4e583540547,False
77742312,Hp,Envy Oled,Core Ultra 7 155u,32.0,1000.0,1.0,Arc Graphics,Integrated,,16.0,120.0,0.0,309,Safi,0.0,1.0,True,False,https://www.avito.ma/fr/safi/ordinateurs_portables/HP_Envy_OLED_Touch_Ultra_7_RAM_32GB_1TB_58242443.htm,hp envy oled touch ultra 7 ram 32gb 1tb hp envy oled 2025 avec ai copilot écran 16,a9f4dd21b4218c5e9d5d764e40a16e75,False
78270649,Hp,,i5,8.0,256.0,1.0,,,,,,3000.0,166,Temara,,,True,False,https://www.avito.ma/fr/autre_secteur/ordinateurs_portables/HP_i5_11ème_Gén_8Go_RAM_256Go_SSD_58738381.htm,hp i5 11ème gén 8go ram 256go ssd pc portable hp intel core i5 11ème génération 8go,b5d56d4b10b719de2ea7c5ed6c48f8c6,False
77131098,Hp,Elitebook X Flip G1i,Ultra 7 268v,32.0,512.0,1.0,Arc Graphics,Dedicated,16.0,14.0,,0.0,301,Safi,0.0,1.0,True,False,https://www.avito.ma/fr/jerifat/ordinateurs_portables/Hp_Elitebook_X_Flip_G1i_Ultra_7_32GB_512GB_57672355.htm,hp elitebook x flip g1i ultra 7 32gb 512gb hp elitebook x flip g1i 14 2026 avec ai,8438bfbd6159cdb27781a0431d83cba1,False
77502085,Hp,Elitebook 840 G8,i7-1165g7,16.0,256.0,1.0,Iris Xe Graphics,Integrated,,14.0,,3999.0,260,Casablanca,,,True,True,https://www.avito.ma/fr/autre_secteur/ordinateurs_portables/HP_EliteBook_840_G8_i7_11ème_Gén_16Go_RAM_256Go_SSD_58016683.htm,hp elitebook 840 g8 i7 11ème gén 16go ram 256go ssd processeur intel core i7 1165g7,5653e3ccedd636b86fa3a42bf7234330,False
78304635,Hp,Pavilion,i7-9750h,24.0,1500.0,,Gtx 1650,Dedicated,4.0,15.6,,5300.0,338,Fès,0.0,,False,False,https://www.avito.ma/fr/agdal/ordinateurs_portables/HP_Pavilion_58770266.htm,hp pavilion processeur intel core i7 9750h ram 24 go ddr4 2667 mhz carte graphique,aa80261108f076e0a67d1692bc0f0363,False
78304582,Lenovo,Yoga Pro 9i Aura Edition,Core Ultra 7,32.0,1000.0,1.0,Rtx 5060,Dedicated,8.0,16.0,120.0,16000.0,542,Khouribga,0.0,1.0,False,False,https://www.avito.ma/fr/khouribga/ordinateurs_portables/___Lenovo_Yoga_Pro_9i_Aura_Edition___RTX_5060____58770244.htm,lenovo yoga pro 9i aura edition rtx 5060 lenovo yoga pro 9i aura edition rtx 5060,4bbaa25c9b0e8b17c3b21c406efbdcba,False
77064491,Hp,Zbook Fury,i7-13700hx,32.0,2000.0,1.0,Rtx 50 Ada,Dedicated,16.0,16.0,,25999.0,615,Casablanca,1.0,,True,False,https://www.avito.ma/fr/maarif/ordinateurs_portables/HP_ZBook_Fury_i7_13700HX_64_Go_2To_RTX_5000_57609187.htm,hp zbook fury i7 13700hx 64 go 2to rtx 50 intel core i7 13700hx jusqu à 5ghz avec,dd0a197569139489c369cc8bd5ce2cfd,False
76949178,Dell,Latitude 5450,Core Ultra 7 165u,16.0,512.0,1.0,Intel Graphics,Integrated,,14.0,,7500.0,262,Casablanca,0.0,,True,True,https://www.avito.ma/fr/aïn_chock/ordinateurs_portables/DELL_Latitude_5450_Ultra_7_14èm_Gén_16g_DDR5_512G_57502050.htm,dell latitude 5450 ultra 7 14èm gén 16g ddr5 512g dell latitude 5450 ultra 7 14èm,627a5d5f8a6f821dac02f3bdc24424d4,False
76902310,Hp,Zbook Fury 15 G8,i7-11800h,64.0,1000.0,1.0,Quadro T1200,Dedicated,4.0,15.6,,7500.0,396,Casablanca,,,True,False,https://www.avito.ma/fr/aïn_borja/ordinateurs_portables/HP_ZBOOK_FURRY_G8___i7_11ème_GEN___T1200__4GO_57458954.htm,hp zbook furry g8 i7 11ème gen t1200. 4go station de travail mobile hp zbook fury,249bbe1f58f80fc459829c2d4f884536,False
77087612,Hp,Zbook Fury 16,i7-13850hx,32.0,1000.0,1.0,Rtx Ada20,Dedicated,8.0,16.0,,13999.0,534,Casablanca,1.0,,True,False,https://www.avito.ma/fr/maarif/ordinateurs_portables/HP_ZBook_Fury_16_i7_13850HX___57630892.htm,hp zbook fury 16 i7 13850hx intel core i7 13850hx 28 cpu ram 32go ddr5 5600 mt s,1457d2c1d907d935ef1cd97b98788826,False
73506473,Hp,Elitebook X360 830 G7,i5,16.0,256.0,1.0,,,,13.3,,3390.0,225,Casablanca,0.0,1.0,False,False,https://www.avito.ma/fr/derb_ghallef/ordinateurs_portables/___HP_EliteBook_x360_830_G7__i5___16Go___256Go__54702015.htm,hp elitebook x360 830 g7 i5 16go 256go hp elitebook x360 830 g7 puissance élégance,82c446ff648606df283f060abe0ac0f9,False
78304468,Hp,,i5,16.0,1128.0,1.0,Gtx 1060 Max Q Design,Dedicated,6.0,,,3200.0,306,Agadir,0.0,,False,False,https://www.avito.ma/fr/agadir/ordinateurs_portables/PC_Gamer_HP_58770070.htm,pc gamer hp bonjour je mets en vente mon pc gamer hp. configuration i5 8ème génération,3a724136103c1f45fa3d8682deabba7d,False
76778287,Hp,Elitebook X Flip G1i,Core Ultra 7 258v,32.0,512.0,1.0,Arc Graphics,Dedicated,,14.0,60.0,13500.0,366,Casablanca,1.0,1.0,True,False,https://www.avito.ma/fr/maarif/ordinateurs_portables/__HP_EliteBook_X_flip__G1i_14_AI_neuf_emballage__57345205.htm,hp elitebook x flip g1i 14 ai neuf emballage processeur intel core ultra 7 258v 8,a51ecb061e352184e23c8601f03e1523,False
76586089,Asus,Zenbook Duo 14,Core Ultra 9 285h,32.0,1000.0,1.0,Arc Graphics,Integrated,,14.0,120.0,21999.0,413,Casablanca,1.0,,True,False,https://www.avito.ma/fr/maarif/ordinateurs_portables/ASUS_Zenbook_Duo_14_neuf_sous_emballage_garantie_57174856.htm,asus zenbook duo 14 neuf sous emballage garantie processeur intel core ultra 9 285h,2b527da3f5237aa361ac67d43e10c63a,False
78304445,Hp,,i5-6200u,4.0,,,,,,,,1200.0,100,Rabat,0.0,,False,False,https://www.avito.ma/fr/rabat/ordinateurs_portables/PC_portable_HP_avec_sacoche_et_souris___Prix_fixe_58770050.htm,pc portable hp avec sacoche et souris je vends un ordinateur portable hp avec sa,5ff32cff8fd96cc6b7609b9d4c98ecc2,False
76718397,Hp,Elitebook 840 G7,i5,16.0,256.0,1.0,,,,,,3400.0,215,Temara,,1.0,True,False,https://www.avito.ma/fr/autre_secteur/ordinateurs_portables/hp_840_g7_i5_10ème_16g_ram_256_SSD_tactile_57291669.htm,hp 840 g7 i5 10ème 16g ram 256 ssd tactile hp elitebook 840 g7 écran tactile intel,04b4f5208d23af8d91e66955ad45f6b2,False
77507961,Hp,840 G7,i7,8.0,256.0,1.0,,,,,,3200.0,170,Temara,0.0,,True,False,https://www.avito.ma/fr/temara/ordinateurs_portables/HP_840_G7__I5_10EME_8_RAM_256_SSD_58022386.htm,hp 840 g7 i5 10eme 8 ram 256 ssd je propose à la vente un ordinateur portable hp,2ddd088e26d27796fdb4918d556b6405,False
77943343,Toshiba,,i3,8.0,256.0,1.0,,,,,,1300.0,153,Temara,,,True,False,https://www.avito.ma/fr/autre_secteur/ordinateurs_portables/TOSHIBA_i3_6ème_Génération_256SSD_8RAM_58431484.htm,toshiba i3 6ème génération 256ssd 8ram toshiba i3 6ème génération 256ssd 8ram,26b706e15ea5a3190e579e49a4ff7928,False
52514113,Apple,Macbook Pro 13,i7,8.0,128.0,1.0,,,,13.3,,0.0,186,Marrakech,0.0,1.0,True,False,https://www.avito.ma/fr/sakar/ordinateurs_portables/MacBook_Pro_i7_Touch_Bar_officiel_2018_40830624.htm,macbook pro i7 touch bar officiel 2018 macbook pro 13 pouces touch bar et touch id,67b096629fda76230a616f15781a7416,False
73260396,Hp,Elitebook 860 G10,i7-1355u,16.0,512.0,1.0,Iris Xe Graphics,Integrated,,16.0,,8999.0,281,Casablanca,,,True,False,https://www.avito.ma/fr/maarif/ordinateurs_portables/HP_ELITEBOOK_860_G10_i7_13ème_Génération_Garantie_3ans_54520914.htm,hp elitebook 860 g10 i7 13ème génération garantie 3ans processeur intel core i7 1355u,4848e443e559fe6250d58cfd7a2e413e,False
78304282,Hp,,i5,8.0,256.0,1.0,,,,,,2400.0,166,Marrakech,0.0,,False,False,https://www.avito.ma/fr/marrakech/ordinateurs_portables/PC_HP_i5_8ème_Gén_256Go_8Go_SSD_58769809.htm,pc hp i5 8ème gén 256go 8go ssd ordinateur portable hp i5 8ème génération en très,8ee8abe895884debc9df7510888c29f4,False
76114227,Apple,Macbook Air 13,M4,16.0,256.0,1.0,,Integrated,,13.0,,0.0,263,Rabat,,,True,True,https://www.avito.ma/fr/les_orangers/ordinateurs_portables/MacBook_Air_13__2025___M4_16Go_256_Go___Officiel_56758154.htm,macbook air 13 2025 m4 16go 256 go officiel cpu apple m4 ram 16 go unifiée stockage,7760a11847715b5a0f4987df22040e7f,False
78114754,Apple,Macbook Pro,M5,16.0,512.0,1.0,,Integrated,,,,0.0,215,Safi,0.0,,True,False,https://www.avito.ma/fr/jerifat/ordinateurs_portables/MacBook_Pro_2026_M5_16Go_RAM_512Go_SSD_58590675.htm,macbook pro 2026 m5 16go ram 512go ssd 1 macbook pro 2026 m5 16go ram 512go ssd cycle,98c5cb225c6fb1802b3fcae5a36345b6,False
77411043,Apple,Macbook Air 13,M4,16.0,256.0,1.0,,Integrated,,13.0,,12990.0,338,Casablanca,1.0,,True,False,https://www.avito.ma/fr/anfa/ordinateurs_portables/MacBook_Air_M4_13_16Go_256Go_SSD_Neuf_Garantie_57932299.htm,macbook air m4 13 16go 256go ssd neuf garantie à vendre macbook air m4 13 pouces,4e308734c809633da8f6fea976fc4098,False
78281324,Dell,Latitude 5520,i7-1165g7,16.0,512.0,1.0,Iris Xe Graphics,Integrated,,15.6,,4500.0,272,Casablanca,0.0,,True,False,https://www.avito.ma/fr/casablanca/ordinateurs_portables/Dell_Latitude_15___Core_i7___16GB___512_SSD_58748271.htm,dell latitude 15 core i7 16gb 512 ssd dell latitude 5520 intel core i7 1165g7 16gb,ab0b9fc2fe6c1a91a4d128498dd92735,False
78194723,Hp,Elitebook G1a 16,Ryzen Ai 7 250,32.0,512.0,1.0,Radeon 780m,Integrated,,16.0,,0.0,276,Safi,0.0,,True,False,https://www.avito.ma/fr/jerifat/ordinateurs_portables/Hp_Elitebook_G1A_16_Ryzen__AI_7_250_32GB_512GB_SSD_58666548.htm,hp elitebook g1a 16 ryzen ai 7 250 32gb 512gb ssd 1 hp elitebook g1a 16 2026 avec,19be1054cd7938775611dc6f04d3a7ae,False
75333075,Hp,Envy,Core Ultra 7 255u,32.0,1000.0,1.0,Intel Graphics,Integrated,,16.0,,14999.0,372,Casablanca,1.0,,True,False,https://www.avito.ma/fr/maarif/ordinateurs_portables/HP_ELITEBOOK_8_G1i_NEUF_AVEC_GARANTIE_HP_ENVY_56100847.htm,hp elitebook 8 g1i neuf avec garantie hp envy processeur intel core ultra 7 255u,f0480265ece6d9b0ea80493533301a79,False
78108209,Apple,Macbook Pro Retina 15,i7,16.0,,,Iris Pro,Integrated,1.5,15.0,,2800.0,236,Rabat,0.0,,True,False,https://www.avito.ma/fr/autre_secteur/ordinateurs_portables/MacBook_Pro_Retina_15_pouces_Mi_2015_Core_I7_16RAM_58584856.htm,macbook pro retina 15 pouces mi 2015 core i7 16ram macbook pro retina 15 pouces mi,58173866fd2e66bb63e735661bbd76ef,False
77472675,Lenovo,,i7,8.0,256.0,1.0,,,,,,3000.0,170,Rabat,,,True,False,https://www.avito.ma/fr/autre_secteur/ordinateurs_portables/LEVOVO_I7_8ÈME_GÉN_256SSD_8RAM_57989146.htm,levovo i7 8ème gén 256ssd 8ram levovo i7 8ème gén 256ssd 8ram,91d0645e89c2406155f307272efac349,False
78194757,Msi,Thin Gf63,i7-12650h,16.0,512.0,1.0,Rtx 4050,Dedicated,6.0,15.6,144.0,0.0,452,Safi,0.0,,True,False,https://www.avito.ma/fr/jerifat/ordinateurs_portables/Msi_Thin_GF63_Intel_i7_12650H_16GB_512Gb_Rtx_4050_58666569.htm,msi thin gf63 intel i7 12650h 16gb 512gb rtx 4050 msi thin gf63 intel i7 12650h 16gb,591672a168292413e58da40fdadc129e,False
67648613,Lenovo,Thinkpad T14s G3,i7-1255u,16.0,512.0,1.0,Iris Xe,Integrated,,14.0,,6599.0,279,Casablanca,,,True,False,https://www.avito.ma/fr/maarif/ordinateurs_portables/Lenovo_ThinkPad_T14s_G3_i7_12eme_16Go_512_Go_SSD_50898526.htm,lenovo thinkpad t14s g3 i7 12eme 16go 512 go ssd processeur intel evo core i7 1255u,a5a86481ca9c8a9833950c4e50c9184e,False
78194650,Lenovo,Thinkpad X1,Ultra 7 165u,32.0,512.0,1.0,,Integrated,,14.0,,0.0,267,Safi,,,True,False,https://www.avito.ma/fr/jerifat/ordinateurs_portables/2in1_Lenovo_Thinkpad_X1_Ultra_7_32_Go_RAM_512_Go_58666479.htm,2in1 lenovo thinkpad x1 ultra 7 32 go ram 512 go 2in1 lenovo thinkpad x1 avec ai,265fe1827e7e0b60c9e92e4e4b37a42b,False
78195039,Lenovo,Thinkpad P16v,Ultra 7 165h,32.0,512.0,1.0,Rtx Ada 10,Dedicated,6.0,16.0,,0.0,417,Safi,0.0,,True,False,https://www.avito.ma/fr/jerifat/ordinateurs_portables/Thikkpad_P16V_Ultra_7_32Gb_512G_Rtx_Ada_1000_58666823.htm,thikkpad p16v ultra 7 32gb 512g rtx ada 10 station de travail lenovo thikkpad p16v,7301f3e8592bd25df64c214517e42ed8,False
78194920,Lenovo,Thinkpad P14s,i7-1260p,16.0,512.0,1.0,Rtx Quadro T550,Dedicated,4.0,14.0,,0.0,376,Safi,0.0,,True,False,https://www.avito.ma/fr/jerifat/ordinateurs_portables/Station_de_travail_Lenovo_Thinkpad_P14S_i7_1260P_16_Go_512_Go_58666714.htm,station de travail lenovo thinkpad p14s i7 1260p 16 go 512 go station de travail,0df7a9f979781be7e165b34f465bc24f,False
78194559,Dell,Latitude 5450,Ultra 7 165u,16.0,512.0,1.0,Intel Graphics,Integrated,,14.0,,0.0,262,Safi,0.0,,True,False,https://www.avito.ma/fr/jerifat/ordinateurs_portables/Dell_Latitude_5450__Ultra_7_165U__16GB_ddr5_512Gb_58666383.htm,dell latitude 5450 ultra 7 165u 16gb ddr5 512gb dell latitude 5450 intel ultra 7,be63e2b20523b24af28ad2e40b1278a6,False
78194971,Lenovo,Ideapad Tactil X360,Ryzen 7 350w,16.0,512.0,1.0,Radeon 860m Graphics,Integrated,,14.0,,0.0,248,Safi,0.0,1.0,True,False,https://www.avito.ma/fr/jerifat/ordinateurs_portables/2IN1_Lenovo_Ideapad_Tactil_x360_Ryzen_7_16_Go_512_Go_58666757.htm,2in1 lenovo ideapad tactil x360 ryzen 7 16 go 512 go 2in1 lenovo ideapad tactil x360,41c4abd5b913116aa7efb4aee5049035,False
77540625,Dell,Pro Max 16 Plus,Core Ultra 9 285hx,64.0,2000.0,1.0,Rtx Pro 30,Dedicated,12.0,16.0,120.0,29999.0,543,Casablanca,,,True,False,https://www.avito.ma/fr/maarif/ordinateurs_portables/DELL_PRO_MAX_16_PLUS_58052887.htm,dell pro max 16 plus écran lcd 16 avec résolution fhd 1 920 x 1 200 et fréquence,b0e7b58e28658512ad3551dda492788f,False
76393999,Dell,Latitude 7450,Core Ultra 7 155u,16.0,512.0,1.0,,Integrated,,14.0,,10499.0,342,Casablanca,1.0,1.0,True,False,https://www.avito.ma/fr/maarif/ordinateurs_portables/DELL_LATITUDE_7450_2en1_NEUF_avec_emballage_57007942.htm,dell latitude 7450 2en1 neuf avec emballage intel core ultra 7 155u ram 16 go disque,f682df74423fd9e04499feb55bd6989e,False
78199959,Hp,Elitebook 830 G9,i5-1235u,16.0,256.0,1.0,Iris Xe,Integrated,,13.3,,4200.0,256,Rabat,,,True,False,https://www.avito.ma/fr/autre_secteur/ordinateurs_portables/HP_EliteBook_830_G9_12e_58671547.htm,hp elitebook 830 g9 12e processeur intel core i5 1235u jusqu à 4 4 ghz avec la technologie,cb0a5fa37616c9ccaaff96fccd912a32,False
78303916,Apple,Macbook Air 12,M3,8.0,256.0,1.0,,Integrated,,12.0,,8500.0,209,Essaouira,0.0,,False,False,https://www.avito.ma/fr/centre_ville/ordinateurs_portables/MacBook_Air_M3_12_2024_58769544.htm,macbook air m3 12 2024 8 go 256 go de stockage 19 cycles batterie à 100,93c1fdb33cdccdf92f41489ca62cb4b1,False
74578068,Hp,Zbook Power 15 G10,Ryzen 7 Pro 7840hs,32.0,1000.0,1.0,Rtx Ada 20,Dedicated,8.0,,,12500.0,414,Casablanca,,,True,False,https://www.avito.ma/fr/maarif/ordinateurs_portables/HP_ZBook_Power_15_G10__AMD_Ryzen_7_PRO_7840HS_55501162.htm,hp zbook power 15 g10 amd ryzen 7 pro 7840hs amd ryzen 7 7840hs 3.8 ghz jusqu à 5.1,1cbea1c53c26659eb280c2f02e6ad791,False
77173165,Dell,Xps 16 9640,Core Ultra 7 155h,16.0,512.0,1.0,Arc,Integrated,,16.3,,11999.0,266,Casablanca,,,True,False,https://www.avito.ma/fr/maarif/ordinateurs_portables/Dell_XPS_16_9640_57712372.htm,dell xps 16 9640 intel core ultra 7 155h cache 24 mo 16 cœurs jusqu à 4 80 ghz turbo,0055f6b2a48855f21fb0cd1a4954993c,False
77087740,Lenovo,Thinkpad E14 Gen 5,Core Ultra 7 155h,16.0,512.0,1.0,Arc Graphics,Integrated,,14.0,,8500.0,266,Casablanca,,,True,False,https://www.avito.ma/fr/maarif/ordinateurs_portables/LENOVO_ThinkPad_E14_Gen_5_57631056.htm,lenovo thinkpad e14 gen 5 processeur intel core ultra 7 155h 22 cpu mémoire ram 16gb,9fd3fd3acf5b068fbaf0d01d93e54dea,False
72126407,Hp,Elitebook 1040 G10,i7-1355u,32.0,1000.0,1.0,Iris Xe Graphics,Integrated,,14.0,,7999.0,310,Casablanca,,,True,False,https://www.avito.ma/fr/maarif/ordinateurs_portables/HP_ELITEBOOK_1040_G10_i7_13ème_32GB_1TB_53704069.htm,hp elitebook 1040 g10 i7 13ème 32gb 1tb processeur intel core i7 1355u 5.00ghz 12,57ea871d3a34ef0352bcc4d01241b783,False
77585387,Acer,Swift 3,i7,8.0,512.0,1.0,,,,,,3400.0,178,Rabat,0.0,,True,False,https://www.avito.ma/fr/autre_secteur/ordinateurs_portables/ACER_SWIFT_3_I7_10ÈME_8G_RAM_512_SSD_58094910.htm,acer swift 3 i7 10ème 8g ram 512 ssd à vendre un ordinateur portable acer swift 3,919242b99aab59fa73c477d4fc851948,False
75206968,Dell,Latitude 5450,Core Ultra 7 155u,16.0,512.0,1.0,,Integrated,,14.0,60.0,9999.0,327,Casablanca,1.0,,True,False,https://www.avito.ma/fr/maarif/ordinateurs_portables/Dell_Latitude_5450_neuf_jamais_activé_emballage_55998706.htm,dell latitude 5450 neuf jamais activé emballage intel core ultra 7 155u 12 mo de,4c69b682938b41c7dc9040cacd526d57,False
76538551,Dell,Xps 9350,Core Ultra 7 256v,32.0,1000.0,1.0,Arc Graphics,Integrated,,13.4,,18499.0,369,Casablanca,1.0,1.0,True,False,https://www.avito.ma/fr/maarif/ordinateurs_portables/DELL_XPS_9350_Ultra_7_256V___32_GO_1TO_Neuf_57133824.htm,dell xps 9350 ultra 7 256v 32 go 1to neuf processeur intel core ultra 7 256v série,23c654d0661fa89484ebfddf6a36e059,False
75930862,Dell,Precision 3591,Core Ultra 9 185h,32.0,1000.0,1.0,Rtx 20 Ada,Dedicated,8.0,15.6,,18500.0,506,Casablanca,1.0,,True,False,https://www.avito.ma/fr/maarif/ordinateurs_portables/DELL_PRECISION_3591_ULTRA_9_185H___Neuf_AZERTY_56596989.htm,dell precision 3591 ultra 9 185h neuf azerty processeur intel core ultra 9 185h 2.3,2ba9db20f0131e7ab311b3eb9bcc7721,False
77169838,Hp,Omnibook 5 16,Ryzen Ai 7 350w,32.0,1000.0,1.0,Radeon 860m,Integrated,2.0,16.0,,9500.0,262,Casablanca,0.0,,True,False,https://www.avito.ma/fr/ain_sebaa/ordinateurs_portables/HP_OmniBook_5_16_Ryzen_AI_7_350w_32_1Terra_AZERTY_57709241.htm,hp omnibook 5 16 ryzen ai 7 350w 32 1terra azerty le magasin.ma met a votre disposition,0bab14cf397eb81d3ba1d2ffcd9ef0c7,False
76487172,Apple,Macbook Air 15,M5,16.0,1000.0,1.0,,Integrated,,15.0,,16800.0,316,Rabat,1.0,,True,True,https://www.avito.ma/fr/les_orangers/ordinateurs_portables/MacBook_Air_15____M5___16Go___1_Tera__Officiel__57089509.htm,macbook air 15 m5 16go 1 tera officiel cpu apple m5 ram 16 go unifiée stockage 1,d009990615d18b619d62e5a11474620c,False
76866845,Hp,Probook 445 G11,Ryzen 7 7735u,16.0,512.0,1.0,Radeon 680m,Integrated,,14.0,,5999.0,297,Casablanca,,,True,False,https://www.avito.ma/fr/maarif/ordinateurs_portables/HP_ProBook_445_G11__AMD_Ryzen__7_57425770.htm,hp probook 445 g11 amd ryzen 7 amd ryzen 7 7735u 2 7 ghz 35 6 cm 14 wuxga 1920 x,f14a22defab6a8344809edf6cfd53081,False
78262907,Hp,Elitebook 830 G8,i5-1135g7,16.0,256.0,1.0,Iris Xe Graphics,Integrated,,13.3,,3800.0,249,Rabat,,,True,False,https://www.avito.ma/fr/quartier_de_l_océan/ordinateurs_portables/HP_EliteBook_830_G8___i5_11ème_génération_58730543.htm,hp elitebook 830 g8 i5 11ème génération hp elitebook 830 g8 i5 11ème génération 16go,3157a4921f0d2c78e299724f4bda368c,False
76847537,Apple,Macbook Pro 14,M2 Pro,16.0,512.0,1.0,,Integrated,,14.0,,14500.0,269,Rabat,0.0,,True,False,https://www.avito.ma/fr/les_orangers/ordinateurs_portables/MacBook_Pro_14____M2_Pro___16Go___512Go__Officiel__57407665.htm,macbook pro 14 m2 pro 16go 512go officiel apple macbook pro 14 pouces 2023 cpu apple,d45941196104c062c1fe8cfd559d56c8,False
77159735,Lenovo,P15 G2,i7-11850h,64.0,1000.0,1.0,Quadro Rtx A50,Dedicated,16.0,15.6,,15999.0,431,Casablanca,,,True,False,https://www.avito.ma/fr/maarif/ordinateurs_portables/Lenovo_P15_G2___i7___64_Go___1To_RTX_A5000_16GB_4K_57699697.htm,lenovo p15 g2 i7 64 go 1to rtx a50 16gb 4k processeur intel core i7 11850h vpro r,882158a5eba8170a047af725232a2620,False
78303641,Microsoft,Surface Laptop 4,Ryzen 5 Surface Edition,8.0,256.0,1.0,Radeon Graphics,Integrated,,13.5,,3800.0,217,Salé,0.0,1.0,False,False,https://www.avito.ma/fr/hay_chmaou/ordinateurs_portables/Vente_quartier_Chmaaou_58769190.htm,vente quartier chmaaou microsoft surface laptop 4 ryzen 5 8go 256ssd processeur amd,5edd3a07396e140720365901846487f2,False
76929156,Msi,Cyborg 15 B13wgkg,i7-13620h,16.0,1000.0,1.0,Rtx 5070 Mobile,Dedicated,8.0,15.6,144.0,14900.0,590,Casablanca,1.0,,True,False,https://www.avito.ma/fr/oulfa/ordinateurs_portables/msi_cyborg_i7_13620H_Rtx5070_SSD_1To_144Hz__Neuf__57483827.htm,msi cyborg i7 13620h rtx5070 ssd 1to 144hz neuf msi cyborg 15 b13wgkg 823fr intel,cef0350c4f74b17d670b836ee6cd9f66,False
64123544,Hp,Elitebook 850 G8,i5-1145g7,16.0,256.0,1.0,Iris Xe,Integrated,,15.6,,3500.0,258,Casablanca,,,True,False,https://www.avito.ma/fr/aïn_borja/ordinateurs_portables/HP_850_G8___i5_11ème_Gen___16Go_RAM___256_SSD_48626382.htm,hp 850 g8 i5 11ème gen 16go ram 256 ssd hp elitebook 850 g8 affichage 15.6 pouces,130c4d770cdea06f0bf4e8345fae7db4,False
78170693,Lenovo,Thinkpad X13,Ultra 7 165u,32.0,1000.0,1.0,Arc Graphics,Integrated,,,,0.0,259,Safi,,,True,False,https://www.avito.ma/fr/jerifat/ordinateurs_portables/Lenovo_THinkpad_X13_Ultra_7_165U_Vipro_32_Go_1_To_58646080.htm,lenovo thinkpad x13 ultra 7 165u vipro 32 go 1 to lenovo thinkpad x13 2025 avec ai,e05983b30a663aebea1404ee67a84486,False
77171096,Hp,Elitebook 6 G1ah,Ryzen 5 Pro 215w,16.0,512.0,1.0,Radeon 740m,Integrated,4.0,14.0,,7500.0,314,Casablanca,1.0,,True,False,https://www.avito.ma/fr/ain_sebaa/ordinateurs_portables/HP_EliteBook_6_G1ah_Ryzen_5_PRO_215W_16Go_512_NEUF_57710400.htm,hp elitebook 6 g1ah ryzen 5 pro 215w 16go 512 neuf le magasin.ma met à votre disposition,4ae50f1c82b410a0593cb4d3830a3517,False
78244989,Dell,Precision 5570,i9-12900h,64.0,1000.0,1.0,Quadro Rtx A20,Dedicated,8.0,15.6,,14500.0,443,Casablanca,0.0,,True,False,https://www.avito.ma/fr/casablanca/ordinateurs_portables/Dell_Precision___Core_i9___64GB___1TB_SSD___RTX_8GB_58714094.htm,dell precision core i9 64gb 1tb ssd rtx 8gb dell precision 5570 intel core i9 12900h,02a1befc633b39a7c309313fe3d1f58b,False
77399034,Acer,Aspire 3,i7-1165g7,16.0,512.0,1.0,Iris Xe Graphics,Integrated,8.0,15.6,,5500.0,359,Casablanca,1.0,,True,False,https://www.avito.ma/fr/ain_sebaa/ordinateurs_portables/Acer_Aspire_3_i7_1165G7_16Go_512SSD_Neuf_57921152.htm,acer aspire 3 i7 1165g7 16go 512ssd neuf le magasin.ma met a votre disposition acer,6ec28e129a902656938941cdbdce0c36,False
78302759,Alienware,16x Aurora,Ultra 9 275hx,32.0,1000.0,1.0,Rtx 5070,Dedicated,8.0,16.0,240.0,19900.0,626,Casablanca,0.0,,False,False,https://www.avito.ma/fr/aïn_diab/ordinateurs_portables/DELL_ALIENWARE_16X_AURORA_RTX_5070_32GB_1TB_NVMe_58769098.htm,dell alienware 16x aurora rtx 5070 32gb 1tb nvme dell alienware 16x aurora rtx 5070,4d1decabe6d5b7c73f0d57720fd90f19,False
78302730,Dell,Pro Max 14 Premium,Ultra 9 285h,64.0,2000.0,1.0,Rtx Pro 20,Dedicated,8.0,14.0,,21000.0,471,Casablanca,0.0,,False,False,https://www.avito.ma/fr/aïn_diab/ordinateurs_portables/DELL_PRO_MAX_14_PREMIUM_2026_NVIDIA_RTX_PRO_64_2Tb_58769086.htm,dell pro max 14 premium 2026 nvidia rtx pro 64 2tb dell pro max 14 premium 2026 nvidia,581c5c513ca4cdd95575324c30aa96b3,False
78303475,Lenovo,Thinkpad X9 15 Gen 1,Core Ultra 7 268v,32.0,1000.0,1.0,,Integrated,,,,13000.0,265,Rabat,,,False,False,https://www.avito.ma/fr/agdal/ordinateurs_portables/Lenovo_ThinkPad_X9_15_Gen_1__Type_21Q6__21Q7__58769075.htm,lenovo thinkpad x9 15 gen 1 type 21q6 21q7 performances ia processeur intel core,bb11018edb18ac756bb162e47919513e,False
77530501,Msi,Cyborg 17,Core 7 240h,16.0,1000.0,1.0,Rtx 5060,Dedicated,8.0,17.0,144.0,0.0,573,Safi,1.0,,True,False,https://www.avito.ma/fr/jerifat/ordinateurs_portables/Msi_Cyborg_17_2025_Nvidia_Rtx_5060_core_7_240H_58043334.htm,msi cyborg 17 2025 nvidia rtx 5060 core 7 240h 1 msi cyborg 17 2025 nvidia rtx 5060,d28e068f2c68d76ab3098dc4d6e3daf0,False
77921686,Alienware,16 Aurora,Core 7 240h,16.0,1000.0,1.0,Rtx 5060,Dedicated,8.0,16.0,240.0,0.0,598,Safi,1.0,,True,False,https://www.avito.ma/fr/jerifat/ordinateurs_portables/Alienware_16_Aurora_Core_7_240H_16_Go_1_To_RTX_5060_58411009.htm,alienware 16 aurora core 7 240h 16 go 1 to rtx 5060 1 alienware 16 aurora 16 2.5k,7768ce4127ca2e8d3cd31698603e151f,False
76696922,Hp,Omnibook Ultra Flip 14,Core Ultra 9 288v,32.0,2000.0,1.0,,Integrated,,14.0,,14000.0,313,Rabat,,1.0,True,True,https://www.avito.ma/fr/yacoub_el_mansour/ordinateurs_portables/HP_OmniBook_Ultra_Flip_14_57272266.htm,hp omnibook ultra flip 14 hp omnibook ultra flip 14 core ultra 9 288v 3.30 ghz mémoire,00194b35f1a1aded317030c890ebede0,False
77531990,Alienware,18 Area 51,Core Ultra 9 275hx,64.0,2000.0,1.0,Rtx 5090,Dedicated,24.0,18.0,300.0,39500.0,652,Casablanca,,,True,False,https://www.avito.ma/fr/maarif/ordinateurs_portables/Alienware_18_Area_51_Ultra_9_64Go_2To_SSD_RTX_5090_58044816.htm,alienware 18 area 51 ultra 9 64go 2to ssd rtx 5090 écran de 18 pouces avec résolution,d695518c22578975f107b4b3368d1c2a,False
78142560,Lenovo,Thinkpad X1 Carbon Gen 13 Aura Edition,Core Ultra 7 255u,16.0,512.0,1.0,Intel Graphics,Integrated,,14.0,60.0,17999.0,343,Casablanca,1.0,,True,False,https://www.avito.ma/fr/maarif/ordinateurs_portables/ThinkPad_X1_Carbon_Gen_13_Aura_Edition_58616901.htm,thinkpad x1 carbon gen 13 aura edition intel core ultra 7 255u ai boost jusqu à 12,d977ed4bd46dbc13388db113c62f75a4,False
57809468,Lenovo,Thinkpad X1 Yoga Gen3 X360,i5-8350u,8.0,256.0,1.0,Uhd Graphics 620,Integrated,,14.0,,2700.0,213,Casablanca,,1.0,True,False,https://www.avito.ma/fr/aïn_borja/ordinateurs_portables/LENOVO_X1_YOGA_Gen3__i5__8Th_Gen_TACTILE_44355971.htm,lenovo x1 yoga gen3 i5 8th gen tactile lenovo thinkpad x1 yoga 3rd gen x360 ecran,826fce3becf8ce42e32c5e30ade18e5c,False
78062002,Hp,Zbook Fury 18 G8,i7-11850h,64.0,1000.0,1.0,Rtx A40,Dedicated,8.0,17.3,,9800.0,421,Casablanca,,,True,False,https://www.avito.ma/fr/aïn_borja/ordinateurs_portables/HP_ZBOOK_FURRY_G8___i7_11ème_Gén___RTX_A4000_8Go_58541810.htm,hp zbook furry g8 i7 11ème gén rtx a40.8go station de travail mobile hp zbook fury,a6d089dce871ede1cecb03b3571214b6,False
77943243,Msi,Stealth 16 Ai Studio A1vgg,Core Ultra 9 185h,32.0,2000.0,1.0,Rtx 4070,Dedicated,8.0,16.0,120.0,0.0,549,Safi,0.0,,True,False,https://www.avito.ma/fr/jerifat/ordinateurs_portables/Le_MSI_Stealth_16_Ultra_9_32Go_RAM_2To_RTX_4070_58431294.htm,le msi stealth 16 ultra 9 32go ram 2to rtx 4070 1 le msi stealth 16 ai studio a1vgg,3c9cd3a2a7cfb65314eedf4319099938,False
78170812,Hp,Pro X360 435 G10,Ryzen 7 7530u,16.0,256.0,1.0,Radeon Graphics,Integrated,,,,0.0,245,Safi,,1.0,True,False,https://www.avito.ma/fr/jerifat/ordinateurs_portables/HP_Pro_x360_G10_Tactil_Ryzen_7_7530U_16_Go_256_Go_58646189.htm,hp pro x360 g10 tactil ryzen 7 7530u 16 go 256 go 1 hp pro x360 435 g10 tactil amd,c4b2d139d7c9c19376ac07e5f255c815,False
78200013,Hp,Zbook Firefly 15 G8,i7-1165g7,32.0,512.0,1.0,T500,Dedicated,4.0,15.6,,5300.0,255,Rabat,0.0,,True,False,https://www.avito.ma/fr/autre_secteur/ordinateurs_portables/HP_Zbook_Firefly_15_i7_1165G7_32_Go_RAM_512_Go_SSD_58671549.htm,hp zbook firefly 15 i7 1165g7 32 go ram 512 go ssd hp zbook firefly 15 g8 core i7,6ab24f8932a9e7e7746d59be08e6d159,False
78252309,Hp,Elitebook 850 G5,i5-8350u,8.0,256.0,1.0,,Integrated,,15.6,,3100.0,180,Rabat,0.0,,False,False,https://www.avito.ma/fr/rabat/ordinateurs_portables/PC_portable_HP_Elitebook_850_G5_d_Allemagne_58720881.htm,pc portable hp elitebook 850 g5 d allemagne pc portable professionnel hp elitebook,f841e7ee25a1355ff5a6c0bf0e698d2e,False
78170617,Lenovo,Thinkpad T14,i7-1185g7,16.0,512.0,1.0,Iris Xe,Integrated,,14.0,,0.0,272,Safi,0.0,,True,False,https://www.avito.ma/fr/jerifat/ordinateurs_portables/Lenovo_thinkpad_T14_core_i7_1185G7_16_Go_RAM_512_Go_58646025.htm,lenovo thinkpad t14 core i7 1185g7 16 go ram 512 go 1 lenovo thinkpad t14 intel core,336a217cd6143c1a85c2fdf56e5df5bb,False
78149329,Asus,Rog Strix G18 G815lw S9057w,Core Ultra 9 275hx,32.0,2000.0,1.0,Rtx 5090,Dedicated,24.0,18.0,240.0,43999.0,647,Casablanca,,,True,False,https://www.avito.ma/fr/maarif/ordinateurs_portables/ASUS_ROG_STRIX_G18_Ultra_9_275HX___RTX_5090_58626043.htm,asus rog strix g18 ultra 9 275hx rtx 5090 désignation asus rog strix g18 g815lw s9057w,c79c0f8aeb321657ff259f4f6ffbaedc,False
72868736,Hp,Zbook Fury 15 G8,i7-11800h,32.0,1000.0,1.0,Quadro T1200,Dedicated,4.0,15.6,,6700.0,388,Casablanca,,,True,False,https://www.avito.ma/fr/aïn_borja/ordinateurs_portables/HP_ZBook_Fury_15_G8___i7_11800H__NVIDIA_T1200_54229767.htm,hp zbook fury 15 g8 i7 11800h nvidia t1200 hp zbook fury 15 g8 affichage. 15.6 pouces,9171403cb21f12512df2ac1799183dd6,False
78149210,Asus,Rog Strix Scar 16 G635lx,Core Ultra 9 275hx,64.0,2000.0,1.0,Rtx 5090,Dedicated,24.0,16.0,240.0,44000.0,665,Casablanca,,,True,False,https://www.avito.ma/fr/maarif/ordinateurs_portables/Asus_ROG_Strix_Scar_16__G635LX_58625998.htm,asus rog strix scar 16 g635lx processeur intel core ultra 9 275hx 2.7 ghz cache 36,6bd13b5c54c184f80b1e3c4945ebe61b,False
78171218,Dell,Latitude 50,Ultra 5 135u,16.0,512.0,1.0,Intel Graphics,Integrated,,,,0.0,242,Safi,0.0,,True,False,https://www.avito.ma/fr/jerifat/ordinateurs_portables/Dell_latitude_5550_2025_Ai_Ultra5_16Gb_ddr5_512Gb_58646656.htm,dell latitude 50 2025 ai ultra5 16gb ddr5 512gb dell latitude 50 2025 avec ai copilote,1504b19bbd82ec349bf474e6df2c1b5e,False
78067755,Hp,Zbook 15 G6,i7-9850h,16.0,512.0,1.0,Quadro T10,Dedicated,4.0,15.6,,4800.0,339,Casablanca,,,True,False,https://www.avito.ma/fr/aïn_borja/ordinateurs_portables/HP_ZBOOK_15_G6_I_i7_9850H_I_Quadro_T1000_4Go_58547124.htm,hp zbook 15 g6 i i7 9850h i quadro t10 4go hp zbook 15 g6 affichage . 15.6 pouces,e279261f8209477671c28d1e088efd1a,False
77603371,Apple,Macbook Pro,M1 Pro,32.0,4000.0,1.0,,Integrated,,16.0,,19500.0,312,Rabat,0.0,,True,True,https://www.avito.ma/fr/les_orangers/ordinateurs_portables/MacBook_Pro_16____M1_PRO___32GB__4Tera__Officiel__58119691.htm,macbook pro 16 m1 pro 32gb 4tera officiel macbook pro 16 pouces cpu apple m1 pro,b4f3bbf784f7537453c29f8ecec6cf27,False
77943399,Apple,Macbook Air,M5,16.0,512.0,1.0,,Integrated,,13.0,,0.0,300,Safi,1.0,,True,False,https://www.avito.ma/fr/jerifat/ordinateurs_portables/Macbook_Air_13_M5_16Go_RAM_512Go_Neuf_58431412.htm,macbook air 13 m5 16go ram 512go neuf 1 macbook air 13 m5 16go ram 512go neuf 2 macbook,d458910faba6c4c0dc0c645953062027,False
78062566,Asus,Zenbook Duo Ux481fa,i5-10210u,8.0,512.0,1.0,Graphics 620,Integrated,,14.0,,0.0,190,Safi,,,True,False,https://www.avito.ma/fr/jerifat/ordinateurs_portables/ASUS_ZenBook_Duo_i5_10210U_8Cpus_8GB_512GB_58542293.htm,asus zenbook duo i5 10210u 8cpus 8gb 512gb asus zenbook duo ux481fa 14 fhd intel,2a1d64c84f374a818ece686fbc8fcc6d,False
78280709,Lenovo,Ideapad Gaming 3 15ach6,Ryzen 5 5600h,16.0,750.0,1.0,Rtx 2050,Dedicated,4.0,,,5500.0,350,Casablanca,,,False,False,https://www.avito.ma/fr/errahma/ordinateurs_portables/Lenovo_IdeaPad_Gaming_3_58747743.htm,lenovo ideapad gaming 3 à vendre lenovo ideapad gaming 3 en très bon état. modèle,dd51870688b7898671f18ef15af732e7,False
76999453,Asus,Tuf F15 506hc Hn1w,i5-11400h,8.0,512.0,1.0,Uhd Graphics,Integrated,,15.6,144.0,3900.0,252,Casablanca,,,True,False,https://www.avito.ma/fr/oulfa/ordinateurs_portables/Asus_TUF_F15_i5_11400H_UHD_Graphique_144Hz_57548294.htm,asus tuf f15 i5 11400h uhd graphique 144hz asus tuf f15 506hc hn1w intel core i5,7d0093694a03ceb145e6d82254e0a5c1,False
78244967,Lenovo,Ideapad X5 2-In-1,Snapdragon X Plus 8,16.0,512.0,1.0,Adreno X1 45,Integrated,,14.0,,6500.0,261,Casablanca,0.0,1.0,True,False,https://www.avito.ma/fr/casablanca/ordinateurs_portables/Lenovo_Ideapad_X5_2_en_1___X_Plus___16GB___512GB___OLED_58714066.htm,lenovo ideapad x5 2 en 1 x plus 16gb 512gb oled lenovo ideapad x5 2 en 1 snapdragon,3aced13ec6cbe5a011b55a92d5102d31,False
77060917,Hp,Zbook Fury 16 G10,i7-13700hx,32.0,2000.0,1.0,Rtx A50 Ada,Dedicated,16.0,16.0,,24999.0,540,Casablanca,1.0,,True,False,https://www.avito.ma/fr/maarif/ordinateurs_portables/HP_Zbook_Fury_16_G10_i7_13700HX_RTX_5000_57605898.htm,hp zbook fury 16 g10 i7 13700hx rtx 50 processeur core i7 13700hx vitesse du processeur,f59d7ecb66b3845395936fb0e54f9129,False
77107562,Hp,Laptop 15,Ryzen 5 5500u,16.0,1000.0,1.0,,,,15.0,,3900.0,247,Rabat,,,True,True,https://www.avito.ma/fr/yacoub_el_mansour/ordinateurs_portables/HP_LAPTOP_15_57649844.htm,hp laptop 15 hp laptop 15 amd ryzen 5 5500u mémoire 16 gb stockage 1 tb ssd ecran,85ff2122f8e422a58fd0c6a4ea6d678f,False
78245020,Acer,Predator Helios 300,i9-14900hx,32.0,1000.0,1.0,Rtx 4070,Dedicated,8.0,16.0,240.0,16900.0,596,Casablanca,0.0,,True,False,https://www.avito.ma/fr/casablanca/ordinateurs_portables/Acer_Predator_16___Core_i9_32GB_RTX_4070_QHD_240HZ_58714144.htm,acer predator 16 core i9 32gb rtx 4070 qhd 240hz acer predator helios 300 intel core,be5e181f34795999262c9192cd2f41ee,False
78303012,Apple,Macbook Pro,M5,16.0,512.0,1.0,,Integrated,,14.0,,16000.0,235,Marrakech,0.0,,False,False,https://www.avito.ma/fr/guéliz/ordinateurs_portables/MacBook_Pro_14__M5___512_Go_SSD___16Go_RAM_58768602.htm,macbook pro 14 m5 512 go ssd 16go ram macbook pro 14 m5 16 go ram 512 go ssd quasi,f0021934bb1d91a3161be43c929df1af,False
78149947,Dell,Alienware Area 51,Core Ultra 9 275hx,48.0,2000.0,1.0,Rtx 5090,Dedicated,24.0,18.0,300.0,44999.0,654,Casablanca,,,True,False,https://www.avito.ma/fr/maarif/ordinateurs_portables/DELL_Alienware_18_Area_51_58628009.htm,dell alienware 18 area 51 écran de 18 avec résolution 2 5k 2 560 x 1 600 et fréquence,bf1e44dab130c666e09537064fbe8512,False
78245047,Microsoft,Surface Pro 12,Snapdragon X Plus 8,16.0,256.0,1.0,Adreno X1 45,Integrated,,12.0,90.0,8500.0,239,Casablanca,0.0,1.0,True,False,https://www.avito.ma/fr/casablanca/ordinateurs_portables/Surface_Pro_12___X_Plus__16GB___256GB___Tactile_58714178.htm,surface pro 12 x plus 16gb 256gb tactile microsoft surface pro 12 pouces snapdragon,3d35e145158ca39caeb782622512e08f,False
50253447,Apple,Macbook Pro,M5 Pro,32.0,512.0,1.0,,Integrated,,14.0,,0.0,235,Marrakech,,,True,False,https://www.avito.ma/fr/sakar/ordinateurs_portables/MacBook_Pro_14_M5_32_RAM_39349630.htm,macbook pro 14 m5 32 ram description. 14 pouces macbook pro 2026 processeur m5 pro,fcaa1734a261e04a63fba71779cf4946,False
78252051,Lenovo,Thinkpad X1 Yoga 14,i5-10310u,16.0,266.0,1.0,Uhd Graphics,Integrated,,14.0,,4700.0,244,Tétouan,,1.0,False,False,https://www.avito.ma/fr/centre_ville/ordinateurs_portables/Lenovo_Thinkpad_X1_Yoga_14_pouces_4K_IPS_58720678.htm,lenovo thinkpad x1 yoga 14 pouces 4k ips lenovo thinkpad x1 yoga 14 pouces 4k ips,b0f448820caa68d8a466a1a869f73f73,False
58268132,Apple,Macbook Pro,M2,16.0,512.0,1.0,,Integrated,,13.0,,0.0,261,Marrakech,,,True,False,https://www.avito.ma/fr/sakar/ordinateurs_portables/MacBook_Pro_M1_44632522.htm,macbook pro m1 description le macbook pro 13 pouces est complètement transformé par,ca60b5b30d3da13ab40ba33da07a8404,False
78001202,Hp,Zbook Firefly 14 G9,i7-1265u,16.0,512.0,1.0,T550,Dedicated,4.0,14.0,,5850.0,244,Marrakech,0.0,,True,False,https://www.avito.ma/fr/autre_secteur/ordinateurs_portables/HP_ZBook_Firefly_14_G9_i7_1265U_512Go_NVIDIA_T550_58485929.htm,hp zbook firefly 14 g9 i7 1265u 512go nvidia t550 cpu intel core i7 1265u 3.60 ghz,4d6597b02fc17acb681a940f499b5237,False
77928191,Dell,,i5 11th Gen,8.0,256.0,1.0,,,,,,2800.0,147,Temara,,,True,False,https://www.avito.ma/fr/autre_secteur/ordinateurs_portables/DELL_I5_11ÈME_256SSD_8RAM_58417248.htm,dell i5 11ème 256ssd 8ram dell i5 11ème 256ssd 8ram,d9ec89ab8c343dc990a868dd77d4046d,False
77060841,Lenovo,Thinkpad X1 Carbon Gen 12,Core Ultra 7 155u,32.0,1000.0,1.0,,Integrated,,14.0,60.0,14999.0,277,Casablanca,,,True,False,https://www.avito.ma/fr/maarif/ordinateurs_portables/Lenovo_ThinkPad_X1_Carbon_Gen_12_Ultra_7_TACTILE_57605826.htm,lenovo thinkpad x1 carbon gen 12 ultra 7 tactile processeur intel core ultra 7 155u,1c697d5eb850ec271119aefe14096d85,False
76985525,Apple,Macbook Air,M2,,256.0,1.0,,Integrated,,13.6,,6500.0,165,Rabat,,,True,True,https://www.avito.ma/fr/yacoub_el_mansour/ordinateurs_portables/MacBook_AIR_2022___M2_57535414.htm,macbook air 2022 m2 macbook air 2022 écran 13.6 pouce processeur apple m2 stockage,bb0583333aed0d5a69a2ea9af31dce2d,False
78141429,Hp,Zbook 15 G6,i7-9850h,16.0,512.0,1.0,Quadro T20,Dedicated,,,,0.0,316,Casablanca,0.0,,True,False,https://www.avito.ma/fr/maarif/ordinateurs_portables/PC_Portable_Workstation_HP_ZBOOK_15_G6__i7_9ème__58615803.htm,pc portable workstation hp zbook 15 g6 i7 9ème pc portable workstation hp zbook 15,e657a666571d9bf02506fc21d414525c,False
77122248,Lenovo,Thinkpad X1 Yoga,i7 12th Gen,16.0,2000.0,1.0,,,,,,6500.0,231,Rabat,,1.0,True,True,https://www.avito.ma/fr/yacoub_el_mansour/ordinateurs_portables/ThinkPad_X1_YOGA___I7___12ème_génération_57663909.htm,thinkpad x1 yoga i7 12ème génération thinkpad x1 yoga processeur i7 12ème génération,7b79872ec6dab3cac7602568cc014f08,False
78124074,Hp,Elitebook X G1a,Ryzen Ai 7 360,32.0,1000.0,1.0,Radeon 880m Graphics,Integrated,,,,12900.0,290,Rabat,0.0,,True,True,https://www.avito.ma/fr/les_orangers/ordinateurs_portables/HP_Elitebook_X_G1A_OLED___Ryzen_AI_7___32Go_58599437.htm,hp elitebook x g1a oled ryzen ai 7 32go cpu amd ryzen ai7 360 gpu amd radeon 880m,73f55dfd0b8524c5749008cb3bd2076e,False
78200029,Hp,,i5 11th Gen,16.0,256.0,1.0,,,,,,3000.0,181,Rabat,,,True,False,https://www.avito.ma/fr/autre_secteur/ordinateurs_portables/HP_I5_11EME_256SSD_16RAM_58671550.htm,hp i5 11eme 256ssd 16ram hp i5 11eme 256ssd 16ram,91078297361acd0d523ffef42b5c73cc,False
77334938,Dell,Xps 14,Core Ultra 7 255h,32.0,1000.0,1.0,Rtx 4050,Dedicated,6.0,14.0,,19500.0,555,Rabat,1.0,,True,True,https://www.avito.ma/fr/les_orangers/ordinateurs_portables/Dell_XPS___Ultra_7_2e_Gén___32Go___1To___RTX_4050_57861847.htm,dell xps ultra 7 2e gén 32go 1to rtx 4050 ce nouveau dell xps 14 nommé dell 14 premium,1f709c97fce913f1c073b4954fc51999,False
77088583,Apple,Macbook Pro,M4 Pro,24.0,1000.0,1.0,,Integrated,,14.0,,26900.0,316,Rabat,0.0,,True,True,https://www.avito.ma/fr/les_orangers/ordinateurs_portables/MacBook_Pro_14____M5_Pro___24Go___1To__Officiel__57631847.htm,macbook pro 14 m5 pro 24go 1to officiel apple macbook pro 14 pouces cpu apple m4,1482a3a74a7d659a7fcd9707c1164a39,False
77238568,Apple,Macbook Pro,M4,24.0,1000.0,1.0,,Integrated,,14.0,,18900.0,307,Rabat,0.0,,True,True,https://www.avito.ma/fr/les_orangers/ordinateurs_portables/MacBook_Pro_14____M4___24Go_1_Tera__Officiel__57773258.htm,macbook pro 14 m4 24go 1 tera officiel apple macbook pro 14 pouces 2025 cpu apple,077fff529dedf8feefac5af5fd44415f,False
77342169,Microsoft,Surface Laptop For Business 7th,Core Ultra 7,32.0,10.0,1.0,,,,,,11000.0,247,Rabat,,,True,False,https://www.avito.ma/fr/yacoub_el_mansour/ordinateurs_portables/Surface_laptop_for_business_7TH_57868639.htm,surface laptop for business 7th surface laptop for business 7th ultra 7 256v 8cpus,e423748c0475a18130463214f97454ae,False
78200061,Hp,,i5 5th Gen,8.0,128.0,1.0,,,,,,1600.0,135,Temara,,,True,False,https://www.avito.ma/fr/autre_secteur/ordinateurs_portables/HP_i5_5e_128SSD_8RAM_58671579.htm,hp i5 5e 128ssd 8ram hp i5 5e 128ssd 8ram,7f8d913471165ec2d9f82ef2019db72b,False
78302405,Hp,Elitebook 840 G7,i5 10th Gen,8.0,256.0,1.0,Uhd Graphics,Integrated,,14.0,,2750.0,182,Tanger,,,False,False,https://www.avito.ma/fr/tanger/ordinateurs_portables/HP_EliteBook_840_G7_i5_58768098.htm,hp elitebook 840 g7 i5 à vendre hp elitebook 840 g7 en bon état général et parfaitement,aaef9ccb1cc3a1459a20cb030c2112ef,False
78141341,Hp,Probook 450 G10,i5-1335u,16.0,256.0,1.0,,,,15.6,,6750.0,310,Rabat,1.0,,True,False,https://www.avito.ma/fr/quartier_de_l_océan/ordinateurs_portables/HP_450_G10_i5_13__Gen___16Go_RAM_256Go_SSD_58615688.htm,hp 450 g10 i5 13ᵉ gen 16go ram 256go ssd hp probook 450 g10 processeur intel core,54c4d2ccd3177631eabd4ab0a895dcf8,False
76923456,Hp,Probook 450 G10,i5-1335u,8.0,256.0,1.0,Iris Xe Graphics,Integrated,,15.6,,6390.0,314,Rabat,1.0,,True,False,https://www.avito.ma/fr/quartier_de_l_océan/ordinateurs_portables/HP_450_G10_i5_13__Gen_8Go_256Go_SSD_15_6__57478588.htm,hp 450 g10 i5 13ᵉ gen 8go 256go ssd 15.6 performance et fiabilité professionnelle,6fc512e10389fc6020d7d8dd946743ae,False
75303271,Hp,Probook 440 G7,i3 10th Gen,8.0,128.0,1.0,,,,14.0,,1950.0,155,Rabat,,,True,False,https://www.avito.ma/fr/quartier_de_l_océan/ordinateurs_portables/HP_440_G7_I_8Go_128Go_FHD_14____1920_x_1080__56079983.htm,hp 440 g7 i 8go 128go fhd 14 1920 x 1080 je vends un ordinateur portable hp 440 g7,ed8ce39f850f5098270132631159b29b,False
77581236,Hp,Elitebook 830 G8,i7-1185g7,16.0,512.0,1.0,Iris Xe Graphics,Integrated,,13.3,,4200.0,277,Casablanca,0.0,1.0,True,False,https://www.avito.ma/fr/autre_secteur/ordinateurs_portables/HP_EliteBook_830_G8_i7_1185G7_16_Go_Tactile_58091048.htm,hp elitebook 830 g8 i7 1185g7 16 go tactile cpu intel core i7 1185g7 11ème génération,163832831c601cf67b9505644ae133b3,False
77596300,Lenovo,,i7 8th Gen,8.0,256.0,1.0,,,,,,2800.0,147,Rabat,,,True,False,https://www.avito.ma/fr/autre_secteur/ordinateurs_portables/LENOVO_I7_8ÈME_GÉNÉRATION_256SSD_8RAM_58105128.htm,lenovo i7 8ème génération 256ssd 8ram lenovo i7 8ème génération 256ssd 8ram,b693b33fe3236ab7fa396a3ac4378c36,False
78302263,Hp,Elitebook 735 G5,Ryzen 5 Pro 2500u,8.0,256.0,1.0,,,,13.3,,2600.0,265,Fès,1.0,1.0,False,False,https://www.avito.ma/fr/fès/ordinateurs_portables/HP_EliteBook_735_G5___Ryzen_5_PRO_8Go_256Go_SSD_58767969.htm,hp elitebook 735 g5 ryzen 5 pro 8go 256go ssd hp elitebook 735 g5 ultrabook professionnel,02ac598ddf54bad87838292cf9107583,False
76114080,Lenovo,Yoga 7i,Core Ultra 5,16.0,512.0,1.0,Arc Graphics,Integrated,,16.0,,11900.0,364,Rabat,1.0,1.0,True,True,https://www.avito.ma/fr/les_orangers/ordinateurs_portables/Yoga_7i_2_en_1__16___CORE_ULTRA_5___NEUF_56758034.htm,yoga 7i 2 en 1 16 core ultra 5 neuf lenovo yoga 7i x360 cpu intel core ultra 5 2ème,a968cef6181aa8ee0fe17041f1427b50,False
73465111,Hp,Elitebook 840 G6,i5-8250u,8.0,256.0,1.0,Uhd Graphics 620,Integrated,,14.0,,2499.0,197,Casablanca,0.0,,False,False,https://www.avito.ma/fr/derb_ghallef/ordinateurs_portables/___HP_EliteBook_840_G6_Core_i5_8Go_RAM_SSD_256Go_54671450.htm,hp elitebook 840 g6 core i5 8go ram ssd 256go hp elitebook 840 g6 core i5 8go ram,821f3f5482888667518e88ba85c81d4b,False
74835792,Hp,Elitebook 840 G8,i5-1145g7,16.0,256.0,1.0,Iris Xe Graphics,Integrated,,14.0,,4300.0,258,Casablanca,0.0,,True,True,https://www.avito.ma/fr/aïn_chock/ordinateurs_portables/HP_EliteBook_840_G8_11ème_Gen_16G_Comme_neuf_AZERTY_55699788.htm,hp elitebook 840 g8 11ème gen 16g comme neuf azerty liquidation hp elitebook 840,a03cfe1195782d5055f6a947b1a8bb25,False
78006899,Hp,Probook 435 G9,Ryzen 7 Pro 5875u,16.0,512.0,1.0,Radeon Graphics,Integrated,,13.3,,4299.0,271,Rabat,0.0,1.0,True,False,https://www.avito.ma/fr/autre_secteur/ordinateurs_portables/HP_ProBook_435_G9_Ryzen_7_Écran_Rotatif_Tactile_58490633.htm,hp probook 435 g9 ryzen 7 écran rotatif tactile cpu amd ryzen 7 pro 5875u 2.0ghz,a3e083f8a2454c94caafe486493af3c4,False
77593702,Apple,Macbook Pro,M1 Max,64.0,1000.0,1.0,,Integrated,,16.0,,22500.0,301,Rabat,0.0,,True,True,https://www.avito.ma/fr/les_orangers/ordinateurs_portables/MacBook_Pro_16____M1_MAX___64Go___1To__Officiel__58102638.htm,macbook pro 16 m1 max 64go 1to officiel macbook pro 16 pouces cpu apple m1 max ram,1549d0beb0a3608dba26601376aeb7c5,False
78212152,Msi,Vector 16 Hx Ai A2xwhg 087fr,Core Ultra 7 255hx,16.0,1000.0,1.0,Rtx 5070ti,Dedicated,12.0,16.0,240.0,20500.0,668,Casablanca,1.0,,True,False,https://www.avito.ma/fr/oulfa/ordinateurs_portables/Msi_Vector_Ultra_7_Rtx5070Ti_240Hz__Neuf__58683696.htm,msi vector ultra 7 rtx5070ti 240hz neuf msi vector 16 hx ai a2xwhg 087fr intel core,e903a9361bffa081f9bfb80e7e5921c3,False
76845232,Msi,Vector 16 Hx Ai A2xwig 039fr,Core Ultra 9 275hx,32.0,1000.0,1.0,Rtx 5080,Dedicated,16.0,16.0,240.0,25500.0,726,Casablanca,1.0,,True,False,https://www.avito.ma/fr/oulfa/ordinateurs_portables/msi_vector_16_ultra_9_275HX_Rtx5080_240Hz__Neuf__57405713.htm,msi vector 16 ultra 9 275hx rtx5080 240hz neuf msi vector 16 hx ai a2xwig 039fr intel,11560e16a26108344d0a6c71963fdd2c,False
76645621,Asus,Rog Strix G16 G614jz,i7-13650hx,16.0,1000.0,1.0,Rtx 4080,Dedicated,12.0,16.0,165.0,18500.0,561,Casablanca,,,True,False,https://www.avito.ma/fr/oulfa/ordinateurs_portables/Asus_rog_strix_G16_i7_13650HX_Rtx4080_165Hz_57226835.htm,asus rog strix g16 i7 13650hx rtx4080 165hz asus rog strix g16 g614jz n3030w intel,194d4e43e9ffee3a758f0b4d80fb14d4,False
77513697,Samsung,Galaxy Book 3,i5-1335u,8.0,512.0,1.0,Iris Xe Graphics,Integrated,,15.6,60.0,5200.0,326,Casablanca,1.0,,True,False,https://www.avito.ma/fr/oulfa/ordinateurs_portables/Samsung_Galaxy_Book_3_i5_1335U_Iris_Xe__Neuf__58027620.htm,samsung galaxy book 3 i5 1335u iris xe neuf samsung galaxy book 3 np750xfg ka2fr,b79ebd7d01dc5bf6143ec0a4a9e0ea37,False
77107491,Lenovo,Ideapad Slim,Celeron N4020,4.0,128.0,,Radeon R5,Dedicated,,14.0,,1500.0,144,Rabat,,,True,True,https://www.avito.ma/fr/yacoub_el_mansour/ordinateurs_portables/LENOVO_IDEAPAD_SLIM_57649773.htm,lenovo ideapad slim lenovo ideapad slim intel celeron n4020 mémoire 4 gb stockage,17b21afb0c1490230a319dabb3b5606d,False
77629438,Dell,Pro 14,Core Ultra 5 238v,32.0,512.0,1.0,Arc Graphics,Integrated,,14.0,,7500.0,285,Rabat,0.0,1.0,True,True,https://www.avito.ma/fr/les_orangers/ordinateurs_portables/___Dell_Pro_14_Tactile___Ultra_5___16Go___512Go_58137066.htm,dell pro 14 tactile ultra 5 16go 512go cpu intel core ultra 5 238v gpu intel arc,d403ce515ade91c736134ef898b7d124,False
77238561,Apple,Macbook Pro,M5,32.0,1000.0,1.0,,Integrated,,14.0,,25500.0,264,Rabat,0.0,,True,True,https://www.avito.ma/fr/les_orangers/ordinateurs_portables/MacBook_Pro_14__2025___M5___32Go_1To__Officiel__57773249.htm,macbook pro 14 2025 m5 32go 1to officiel apple macbook pro 14 pouces 2025 cpu apple,d85038c1c7b666fc39ffe09c682f2c55,False
70091074,Apple,Macbook Air,M4,16.0,256.0,1.0,,Integrated,,15.0,,0.0,343,Marrakech,1.0,,True,False,https://www.avito.ma/fr/sakar/ordinateurs_portables/MacBook_Air_M4_16_Go_RAM_Modèle_2025_52389324.htm,macbook air m4 16 go ram modèle 2025 apple macbook air m5 modèle 2026 venez vite,1be6b0ce7e63b05dd77f32d739d5eb9b,False
76843273,Dell,Latitude 5420,i5 11th Gen,16.0,256.0,1.0,,,,14.0,,3400.0,201,Rabat,,,True,True,https://www.avito.ma/fr/yacoub_el_mansour/ordinateurs_portables/Dell_latitude_5420_57404089.htm,dell latitude 5420 dell latitude 5420 core i5 11 éme génération mémoire 16 gb stockage,47ee2c14015b61d7a42d200b7b35c3ec,False
78112834,Apple,Macbook Pro,M5,16.0,1000.0,1.0,,Integrated,,14.0,,20900.0,321,Rabat,1.0,,True,True,https://www.avito.ma/fr/les_orangers/ordinateurs_portables/MacBook_Pro_14___M5___16Go___1To__Officiel__58589045.htm,macbook pro 14 m5 16go 1to officiel macbook pro 14 pouces cpu apple m5 ram 16 go,e35e4750c814f1c779aa289cfea641c4,False
78216822,Apple,Macbook Pro,M2 Pro,32.0,1000.0,1.0,,Integrated,,14.0,,16900.0,299,Rabat,0.0,,True,True,https://www.avito.ma/fr/les_orangers/ordinateurs_portables/MacBook_Pro_14____M2_PRO___32GB___1_Tera__Officiel__58687473.htm,macbook pro 14 m2 pro 32gb 1 tera officiel apple macbook pro 14 pouces 2023 cpu apple,a29bfd573e6bc552db64e3fb5ccc37d5,False
71700973,Hp,Elitebook 840 G6,i5 8th Gen,8.0,256.0,1.0,,,,,,2700.0,147,Rabat,,,True,False,https://www.avito.ma/fr/autre_secteur/ordinateurs_portables/HP_840_G6_i5_8ème_Gén_8Go_RAM_256Go_SSD_53401891.htm,hp 840 g6 i5 8ème gén 8go ram 256go ssd hp elitebook 840 g6 intel core i5 8ème génération,6a9cc18719e218b344e4b3140fe2a302,False
77508115,Asus,Vivobook X1502za,i5 12th Gen,8.0,512.0,1.0,Uhd Graphics,Integrated,,15.0,,3900.0,187,Rabat,,,True,True,https://www.avito.ma/fr/yacoub_el_mansour/ordinateurs_portables/ASUS_VIVOBOOK___I5___12ème_58022384.htm,asus vivobook i5 12ème asus vivobook x1502za intel core i5 12ème génération mémoire,c9eb3df8e5ce0b73f16a8cb77c5aa7af,False
78269372,Lenovo,Thinkbook 15,Ryzen 5 Ai 220,16.0,512.0,1.0,Radeon Graphics,Integrated,500.0,15.6,,7500.0,243,Rabat,0.0,,True,False,https://www.avito.ma/fr/quartier_de_l_océan/ordinateurs_portables/Lenovo_ThinkBook_15___AMD_Ryzen_5_AI_220_58737120.htm,lenovo thinkbook 15 amd ryzen 5 ai 220 lenovo thinkbook 15 neuf sans boîte processeur,7f0d3553703eb54a57ba37c14387b4ca,False
77442240,Hp,Envy X360,Core Ultra 7 155u,32.0,1000.0,1.0,Arc Graphics,Integrated,,14.0,,9700.0,277,Rabat,0.0,,True,True,https://www.avito.ma/fr/les_orangers/ordinateurs_portables/HP_ENVY_x360___Ultra_7___32_Go_RAM___1_Tera_57961371.htm,hp envy x360 ultra 7 32 go ram 1 tera hp envy x360 convertible premium avec une clarté,6c3831a18cf0a255a10ad65205980977,False
78301931,,,Ryzen 5,16.0,256.0,1.0,,,,,,3100.0,211,Nador,,,False,False,https://www.avito.ma/fr/nador/ordinateurs_portables/PC_portable_en_bon_état_58767636.htm,pc portable en bon état pc razyane5 256 stockage ssd 16 ram.,c0754741a83bcae31352eacab3814f4b,False
77928223,Dell,Latitude 5400,i5 8365,16.0,256.0,1.0,,,,,,2600.0,193,Temara,,,True,False,https://www.avito.ma/fr/autre_secteur/ordinateurs_portables/Dell_Latitude_5400_i5_8365_16GO_256GO_SSD_58417250.htm,dell latitude 5400 i5 8365 16go 256go ssd dell latitude 5400 i5 8365 16go 256go ssd,b4342d5fc60eb18d31e25cf3bbd1dca1,False
76949598,Lenovo,Thinkpad T15,i5 11th Gen,16.0,512.0,1.0,,,,15.0,,3800.0,208,Temara,0.0,,True,False,https://www.avito.ma/fr/centre_ville/ordinateurs_portables/Lenovo_Thinkpad_T15_i5_11Th_comme_neuf_57502574.htm,lenovo thinkpad t15 i5 11th comme neuf lenovo thinkpad t15 i5 11th 16go ram 512go,c0b16f328fea6b02e78ddaa6bf050708,False
78073443,Msi,Modern 15,Ryzen 5 7430,16.0,512.0,1.0,Radeon Graphics,Integrated,,15.6,,0.0,343,Safi,1.0,,True,False,https://www.avito.ma/fr/jerifat/ordinateurs_portables/MSI_Modern_15_Amd_Ryzen_5_7430_16Go_Ram_512Go_SSD_58552429.htm,msi modern 15 amd ryzen 5 7430 16go ram 512go ssd 1 msi modern 15 amd ryzen 5 7430,2caa70e935a9c824caf07f9dcb253e56,False
78062586,Hp,Omnibook X Flip 16,Core Ultra 7 258v,32.0,1000.0,1.0,Arc Graphics,Integrated,,,,0.0,263,Safi,,,True,False,https://www.avito.ma/fr/jerifat/ordinateurs_portables/HP_OmniBook_X_Flip_16_2026_Ultra_7_1TB_32_Go_RAM_58542316.htm,hp omnibook x flip 16 2026 ultra 7 1tb 32 go ram hp omnibook x flip 16 2026 avec,d50de14a26d9916e90036198e480bf39,False
78062827,Dell,Precision 7680,i7-13859hx,32.0,1000.0,1.0,Rtx Quadro 3500 Ada,Dedicated,12.0,16.0,,0.0,395,Safi,,1.0,True,False,https://www.avito.ma/fr/jerifat/ordinateurs_portables/Workstation_Dell_Quadro_3500_i7_13859Hx_32Go_1To_58542540.htm,workstation dell quadro 3500 i7 13859hx 32go 1to workstation dell precision 7680,323e96e49d3407b74aaf9a97117e6279,False
78062636,Samsung,Galaxy Book 5 Pro,Core Ultra 5 226v,16.0,512.0,1.0,Arc Graphics,Integrated,,14.0,120.0,0.0,282,Safi,0.0,1.0,True,False,https://www.avito.ma/fr/jerifat/ordinateurs_portables/Samsung_Galaxybook_5_Pro_2026_Ultra_5_16GB_512GB_58542366.htm,samsung galaxybook 5 pro 2026 ultra 5 16gb 512gb samsung galaxybook 5 pro 2026 oled,792b0baabbbefb2c8fdaa9f1eafdadcf,False
78145109,Dell,Precision 7530,Xeon E-2186,32.0,512.0,1.0,Quadro P10,Dedicated,,,,0.0,338,Casablanca,0.0,,True,False,https://www.avito.ma/fr/maarif/ordinateurs_portables/Precision_7530_Mobile_Workstation__32Go_512Go__58619306.htm,precision 7530 mobile workstation 32go 512go dell precision 7530 mobile workstation,412eda6ac8540ad5e2d4f081575204b7,False
78075641,Asus,Rog Zephyrus G14,Ryzen 9 8945hs,32.0,1000.0,1.0,Rtx 4070,Dedicated,,14.0,120.0,0.0,529,Safi,,,True,False,https://www.avito.ma/fr/jerifat/ordinateurs_portables/Asus_Rog_Zephyrus_G14_OLED_Ryzen_9_32G_Rtx_4070_1TB_58554469.htm,asus rog zephyrus g14 oled ryzen 9 32g rtx 4070 1tb écran oled asus rog zephyrus,450b625e0cd0765241ec8fc3c9ee9075,False
78065957,Dell,Pro 14 Plus,Ryzen Ai 7 Pro 350,32.0,10.0,1.0,Radeon 860m,Dedicated,,,,0.0,247,Safi,,,True,False,https://www.avito.ma/fr/jerifat/ordinateurs_portables/Dell_Pro_14_Plus_Ryzen_AI_7_PRO_32GB_1000Gb_58545422.htm,dell pro 14 plus ryzen ai 7 pro 32gb 10gb 1 dell pro 14 plus avec ai copilote amd,52179c542888825412ec604b8d0a2f4c,False
77439874,Asus,Proart Studiobook 16,i9-13980hx,32.0,1000.0,1.0,Rtx Studio 30 Ada,Dedicated,,16.0,120.0,0.0,497,Safi,0.0,1.0,True,False,https://www.avito.ma/fr/jerifat/ordinateurs_portables/ASUS_ProArt_Studiobook_i9_13980HX_Rtx_Studio_3000_57959170.htm,asus proart studiobook i9 13980hx rtx studio 30 écran tactile oled 120hz 3.2k asus,51e913c6d461d59c3fa0280fe770e2e5,False
77110703,Asus,Vivobook Pro 15 Oled,Core Ultra 9 185h,32.0,2000.0,1.0,Rtx 3050,Dedicated,6.0,15.0,,0.0,441,Safi,,,True,False,https://www.avito.ma/fr/jerifat/ordinateurs_portables/Asus_Vivobobok_pro_Ultra_9_32GB_2TB_Rtx_3050_6GB_57653014.htm,asus vivobobok pro ultra 9 32gb 2tb rtx 3050 6gb 1 asus vivobobok pro 15 oled 2025,8016dbc3292434334759e0afd9789d3d,False
78062674,Framework,Framework Laptop 13.5,Ryzen Ai 5 340,16.0,512.0,1.0,Radeon 860m,Dedicated,,13.5,,0.0,270,Safi,0.0,,True,False,https://www.avito.ma/fr/jerifat/ordinateurs_portables/Framework_Laptop_Ryzen_AI_5_340_16GB_Ram_ddr5_512G_58542398.htm,framework laptop ryzen ai 5 340 16gb ram ddr5 512g framework laptop 13.5 résolution,e8acdcbd3af9c4fd40501c8684d0b895,False
78062652,Asus,Vivobook,i9-13900h,16.0,512.0,1.0,Rtx 4050,Dedicated,6.0,15.6,,0.0,438,Safi,0.0,,True,False,https://www.avito.ma/fr/jerifat/ordinateurs_portables/Asus_Vivobook_i9_13900H_16GB_512GB_Rtx_4050_58542395.htm,asus vivobook i9 13900h 16gb 512gb rtx 4050 1 asus vivobook intel core i9 13900h,fa172c156cc2daff00dad68728eb9293,False
78141344,Hp,Zbook 15 G5,i7-8850h,8.0,512.0,1.0,Quadro P20,Dedicated,,,,0.0,281,Casablanca,0.0,,True,False,https://www.avito.ma/fr/maarif/ordinateurs_portables/PC_Portable_HP_ZBOOK_15_G5___i7_8ème_gén___32Go___512Go_58615793.htm,pc portable hp zbook 15 g5 i7 8ème gén 32go 512go pc portable hp zbook 15 g5 i7 8ème,aae39145cff0b0650124232a65f35383,False
76904451,Apple,Macbook Pro,M5,16.0,512.0,1.0,,Integrated,,14.0,,14300.0,310,Mohammedia,1.0,,True,False,https://www.avito.ma/fr/les_cretes/ordinateurs_portables/MacBook_Pro_M4_et_M5_57460573.htm,macbook pro m4 et m5 salam je mets en vente un macbook pro m5 14 pouces jamais utilisé,1669f2dd3ee530930ac2f224540eb8bb,False
77161764,Apple,Macbook Air,M3,8.0,256.0,1.0,,Integrated,,15.0,,0.0,224,Safi,,,True,False,https://www.avito.ma/fr/jerifat/ordinateurs_portables/Macbook_Air_15_Pouces_M3_8Go_RAM_256Go_Cycle_23_57701615.htm,macbook air 15 pouces m3 8go ram 256go cycle 23 macbook air 15 pouces m3 8go ram,d1ca546c901a5c80600a697c52d83e0f,False
78089467,Hp,Zbook Power G11a,Ryzen 7 Pro 8845hs,32.0,1000.0,1.0,Rtx 10 Ada,Dedicated,6.0,16.0,120.0,0.0,453,Safi,0.0,,True,False,https://www.avito.ma/fr/jerifat/ordinateurs_portables/Workstation_HP_ZBook_Ryzen_7_32GB_1TB_RTX_1000_Ada_58567238.htm,workstation hp zbook ryzen 7 32gb 1tb rtx 10 ada workstation hp zbook power g11a,d28c4e8d4b7d6888a51b252f41a09c17,False
78075476,Dell,Pro Plus 2026,Core Ultra 5 235u,16.0,512.0,1.0,,,,14.0,,0.0,250,Safi,0.0,,True,False,https://www.avito.ma/fr/jerifat/ordinateurs_portables/Dell_pro_plus_2026_Ultra_5_16Go_ram_ddr5_512Go_58554272.htm,dell pro plus 2026 ultra 5 16go ram ddr5 512go dell pro plus 2026 avec ai copilote,bd672d39d27574f6cc383fd2baf233c9,False
78301639,Hp,Elitebook 840 G5,i5 8th Gen,8.0,256.0,1.0,,,,14.0,,2450.0,167,Salé,,,False,False,https://www.avito.ma/fr/said_hajji/ordinateurs_portables/PC_Portable_HP_EliteBook_840_G5_8ème_génération_58767459.htm,pc portable hp elitebook 840 g5 8ème génération hp elitebook 840 g5 core i5 8gb ram,595b4b5d61a4666a1d2e926c44460bb6,False
77413697,Apple,Macbook Pro,M5 Max,36.0,2000.0,1.0,,Integrated,,16.0,,44000.0,259,Casablanca,,,True,False,https://www.avito.ma/fr/derb_ghallef/ordinateurs_portables/MacBook_Pro_16__M5_Max_Chip_36GB_2TB_57934777.htm,macbook pro 16 m5 max chip 36gb 2tb macbook pro 16 m5 max chip 36gb 2tb . . . livraison,364ac8d11970f7c28a8c11819111b9c0,False
78301516,Asus,Tuf Gaming Tianxuan,i7 13th Gen,16.0,1000.0,1.0,Rtx 4050,Dedicated,,,144.0,12000.0,392,Dcheïra El Jihadia,,,False,False,https://www.avito.ma/fr/dcheïra_el_jihadia/ordinateurs_portables/Asus_Tuf_gaming_Mint_Green___White_Tianxuan_58767372.htm,asus tuf gaming mint green white tianxuan asus tuf gaming mint green white tianxuan,adf671e039bafbb0b0b110655f798bd9,False
78286783,Msi,,i5 12th Gen,16.0,512.0,1.0,Rtx 3050,Dedicated,,,,5900.0,316,Safi,,,False,False,https://www.avito.ma/fr/safi/ordinateurs_portables/MSi_i5_12gen_rtx3050_512ssd_16gram_58753427.htm,msi i5 12gen rtx3050 512ssd 16gram toutes les informations sur les photos. bienvenue,e62486c83de09ef0d5245005bb789de3,False
75756964,Lenovo,Thinkpad P51,i7-7820,32.0,512.0,1.0,Quadro M1200,Dedicated,,15.6,,4300.0,352,Casablanca,,,False,False,https://www.avito.ma/fr/sidi_moumen/ordinateurs_portables/Lenovo_Thinkpad_P51_en_bon_état_avec_Garantie_56447751.htm,lenovo thinkpad p51 en bon état avec garantie processeur intel r core tm i7 7820,18e4a1420aab2f753dac886862ad9a9b,False
78301497,Acer,Nitro 5,i5 11th Gen,16.0,1000.0,1.0,Rtx 3060,Dedicated,,,,7500.0,368,Marrakech,,,False,False,https://www.avito.ma/fr/bab_doukkala/ordinateurs_portables/Marrakech_58767360.htm,marrakech à vendre ordinateur portable gaming puissant acer nitro 5 avec chargeur,0b138c693826274b7b46d8183ac2d2da,False
78301397,Lenovo,Thinkpad,i3-8100u,8.0,128.0,1.0,Hd Graphics 620,Integrated,,14.0,,1600.0,155,Casablanca,,,False,False,https://www.avito.ma/fr/sidi_moumen/ordinateurs_portables/Lenovo_Thinkpad_8ème_génération_RAM_8_disque_SSD_batterie_5h_58767294.htm,lenovo thinkpad 8ème génération ram 8 disque ssd batterie 5h lenovo thinkpad 8ème,b4204f6513c950d3e7114705a6d533dd,False
78301375,Hp,,i5-6200u,12.0,128.0,1.0,Radeon R5 M3300,Dedicated,,15.0,,1700.0,195,Casablanca,,,False,False,https://www.avito.ma/fr/sidi_moumen/ordinateurs_portables/HP_i5_6ème_gen_double_RAM_12_disque_SSD_batterie_5h_58767280.htm,hp i5 6ème gen double ram 12 disque ssd batterie 5h hp i5 6ème génération double,f356845ff9baa1deabb6308d7a208442,False
78301360,Dell,Latitude 3500,i5-8265u,8.0,128.0,1.0,Graphics 620,Integrated,,15.0,,1800.0,163,Casablanca,,,False,False,https://www.avito.ma/fr/sidi_moumen/ordinateurs_portables/dell_latitude_i5_8eme_Ram_8_disc_SSD_écran_15_58767268.htm,dell latitude i5 8eme ram 8 disc ssd écran 15 dell latitude 3500 i5 8génération très,39ac113843c4a616b297e89d5e385e0f,False
78301067,Dell,Latitude 5400,i5 8th Gen,8.0,256.0,1.0,,,,,,3250.0,147,Fès,,,False,False,https://www.avito.ma/fr/narjis/ordinateurs_portables/PC_Dell_Latitude_5400_i5___Très_bon_état_58766968.htm,pc dell latitude 5400 i5 très bon état à vendre ordinateur portable dell latitude,f7351f63c1591147912fa4a6c8714f08,False
78300927,Acer,,i5-4210,8.0,128.0,1.0,Intel Hd Graphics Family,Integrated,,15.0,,1300.0,164,Casablanca,0.0,,False,False,https://www.avito.ma/fr/sidi_moumen/ordinateurs_portables/Acer_i5_professionnel_Ram_8_disque_SSD_batterie_4h_58766761.htm,acer i5 professionnel ram 8 disque ssd batterie 4h acer i5 importé d italie comme,ab2eba795906830b3addedfa32e4db3c,False
78300923,Asus,X5UA,i7-6500u,8.0,128.0,1.0,Intel Hd Graphics 520,Integrated,,15.0,,1600.0,168,Casablanca,0.0,,False,False,https://www.avito.ma/fr/sidi_moumen/ordinateurs_portables/Asus_i7_6ème_Ram_8_disque_dur_SSD_écran_15_58766757.htm,asus i7 6ème ram 8 disque dur ssd écran 15 asus i7 6ème génération x5ua très bon,4ee7937685da050024576025f2c3ce48,False
78300917,Lenovo,Thinkpad,A8-8600P,8.0,128.0,1.0,Amd Radeon R6,Dedicated,,15.0,,1400.0,175,Casablanca,0.0,,False,False,https://www.avito.ma/fr/sidi_moumen/ordinateurs_portables/Lenovo_Thinkpad_Ram_8_disque_SSD_batterie_4h_58766750.htm,lenovo thinkpad ram 8 disque ssd batterie 4h lenovo amd a8 très bon état importé,784868356fed96c53250acfb9dd8827e,False
77962827,Asus,Rog Strix G713R,Ryzen 9 6900hx,16.0,1000.0,1.0,Rtx 3060,Dedicated,6.0,17.3,,9300.0,440,Rabat,0.0,,False,False,https://www.avito.ma/fr/rabat/ordinateurs_portables/Asus_ROG_strix_G713R_Ryzen_9_RTX_3060_58449515.htm,asus rog strix g713r ryzen 9 rtx 3060 bonjour je mets en vente mon pc portable gamer,f1c8e39e42089a887e4c51f5b49f05db,False
77411058,Apple,Macbook Air M4,M4,16.0,512.0,1.0,,,,15.0,,18890.0,355,Casablanca,1.0,,True,False,https://www.avito.ma/fr/anfa/ordinateurs_portables/MacBook_Air_M4_15_16Go_512Go_SSD_Neuf_Garantie_57932321.htm,macbook air m4 15 16go 512go ssd neuf garantie à vendre macbook air m4 15 pouces,e8d89412b40fdb37c5fece104a3a2268,False
78300700,,,Celeron N3350,6.0,250.0,0.0,,,,,,2000.0,116,El Kelâa des Sraghna,,,False,False,https://www.avito.ma/fr/el_kelâa_des_sraghna/ordinateurs_portables/PC_Accent_58766597.htm,pc accent nom de l appareil accent processeur intel r celeron r cpu n3350 1.10ghz,ba5436f51b6c2199bb58764c3236e6eb,False
78300592,Lenovo,Slime 82FG,i5-1135g7,16.0,512.0,1.0,Intel Iris Xe,Integrated,,15.0,,2900.0,271,Casablanca,0.0,,False,False,https://www.avito.ma/fr/sidi_moumen/ordinateurs_portables/Lenovo_i5_11ème_Slime_Ram_16_disque_512_SSD_58766522.htm,lenovo i5 11ème slime ram 16 disque 512 ssd lenovo slime 82fg i5 11ème très bon état,954bbd30a2f330e30e308fca6ee9131a,False
78300533,Lenovo,Ideapad 320,i3-6006u,8.0,128.0,1.0,Intel Hd Graphics 520,Integrated,,15.0,,1400.0,168,Casablanca,0.0,,False,False,https://www.avito.ma/fr/sidi_moumen/ordinateurs_portables/Lenovo_6ème_génération_RAM_8_disque_SSD_batterie_4h_écran_15_58766483.htm,lenovo 6ème génération ram 8 disque ssd batterie 4h écran 15 lenovo ideapad 320 importé,643c48ace6a82682085a70e8df730da4,False
78300481,Asus,,i5-6300,8.0,512.0,1.0,Intel Hd Graphics Family,Integrated,,15.0,,1600.0,193,Casablanca,0.0,,False,False,https://www.avito.ma/fr/sidi_moumen/ordinateurs_portables/Asus_i5_6ème_Ram_8_disque_512_SSD_batterie_4h_58766457.htm,asus i5 6ème ram 8 disque 512 ssd batterie 4h asus i5 6ème génération très bon état,c4ce898cad2c087930d44c658bca9234,False
78300477,Hp,250 Notebook,i3-1215u,8.0,500.0,,,,,,,3500.0,245,El Kelâa des Sraghna,1.0,,False,False,https://www.avito.ma/fr/el_kelâa_des_sraghna/ordinateurs_portables/PC_HP_250_NOTEBOOK_i3_12ÈME_GÉNÉRATION_8_RAM_500_GO_58766456.htm,pc hp 250 notebook i3 12ème génération 8 ram 500 go je vends un pc portable hp i3,e478a9484bae75f5ce11fabeccb16160,False
77411084,Apple,Macbook Air M2,M2,16.0,256.0,1.0,,,,13.0,,10990.0,324,Casablanca,1.0,,True,False,https://www.avito.ma/fr/anfa/ordinateurs_portables/MacBook_Air_M2_13_16Go_256Go_SSD_Neuf_Garantie_57932338.htm,macbook air m2 13 16go 256go ssd neuf garantie je vends un macbook air m2 13 pouces,2bc507e7c7fc2547c2cfb30b658a2263,False
78300414,Toshiba,,i7-6600u,16.0,512.0,1.0,Geforce 930m,Dedicated,2.0,15.0,,1900.0,211,Casablanca,0.0,,False,False,https://www.avito.ma/fr/sidi_moumen/ordinateurs_portables/Toshiba_i7_6ème_double_RAM_16_disque_512_SSD_58766392.htm,toshiba i7 6ème double ram 16 disque 512 ssd toshiba i7 6ème double graphique importé,5d56c264c3ab53be15bd3ef80d203b4e,False
77958605,Apple,Macbook Neo A18 Pro,A18 Pro,8.0,256.0,1.0,Apple Gpu,Integrated,,13.0,,9299.0,314,Casablanca,1.0,,True,False,https://www.avito.ma/fr/anfa/ordinateurs_portables/Apple_MacBook_Neo_A18_Pro_8Go_256Go_SSD_58445597.htm,apple macbook neo a18 pro 8go 256go ssd découvrez le macbook neo un mac portable,8950e3ab3b6fcc9e9cafbc6c245e4879,False
78300370,Apple,Macbook Pro 2019,i7,16.0,,,Intel Uhd Graphics 630,Integrated,,16.0,,7000.0,221,Meknès,,,False,False,https://www.avito.ma/fr/meknès/ordinateurs_portables/MacBook_Pro_M1_58766352.htm,macbook pro m1 je propose à la vente un macbook pro 16 pouces 2019 à meknès. processeur,ca60b5b30d3da13ab40ba33da07a8404,False
77855167,Apple,Macbook Air 15 M5,M5,24.0,1000.0,1.0,Apple Gpu,Integrated,,15.3,,26590.0,377,Casablanca,1.0,,True,False,https://www.avito.ma/fr/anfa/ordinateurs_portables/MacBook_Air_15_M5_24Go_1To_Bleu_Ciel_58348860.htm,macbook air 15 m5 24go 1to bleu ciel apple macbook air 15 m5 24 go ssd 1 to bleu,443302e6890928c1ac1a1484864e753c,False
77581191,Hp,Zbook Studio G8,i7-11850h,32.0,512.0,1.0,Rtx A20,Dedicated,4.0,15.6,,7800.0,401,Tanger,0.0,,True,False,https://www.avito.ma/fr/autre_secteur/ordinateurs_portables/HP_ZBook_Studio_G8_i7_11850H_32_Go_RTX_A2000__4Go__58091046.htm,hp zbook studio g8 i7 11850h 32 go rtx a20 4go cpu intel r core tm i7 11850h 11ème,64d3ac50d7c23a306dd8679f2d06ad4c,False
78300127,Acer,Spin 3,i5-1035g1,8.0,512.0,1.0,Intel Uhd Graphics,Integrated,,14.0,,0.0,223,Fès,,1.0,False,False,https://www.avito.ma/fr/oued_fès/ordinateurs_portables/ordinateur_portable_tactile_convertible_X360_58766250.htm,ordinateur portable tactile convertible x360 acer spin 3 ordinateur portable convertible,5db02371399cb559701228c4e8b1a361,False
77568317,Razer,Blade 14,Ryzen 9 6900hx,16.0,1000.0,1.0,Rtx 3070 Ti Max Q,Dedicated,8.0,14.0,165.0,10800.0,457,Salé,0.0,,True,False,https://www.avito.ma/fr/salé/ordinateurs_portables/Razer_Blade_14___AMD_Ryzen_9___RTX_3070_Ti___QHD_à_165Hz_58078845.htm,razer blade 14 amd ryzen 9 rtx 3070 ti qhd à 165hz cpu amd ryzen 9 6900hx octo core,05fb624b5edb8083a79b918b463fa38d,False
77857839,Dell,Latitude 7420,i7-1185g7,16.0,256.0,1.0,,,,,,3750.0,203,Casablanca,0.0,,True,False,https://www.avito.ma/fr/abdelmoumen/ordinateurs_portables/DELL_LATITUDE_7420_CORE_I7_58351654.htm,dell latitude 7420 core i7 dell latitude 7420 core i7 11ème gen 16go ram ssd 256go,a541260db10a914f8ba890ec062e9641,False
77581674,Hp,Elitebook 840 G8,i5-1145g7,16.0,256.0,1.0,Intel Uhd Graphics 620,Integrated,,14.0,,3499.0,238,Casablanca,0.0,,True,False,https://www.avito.ma/fr/autre_secteur/ordinateurs_portables/HP_EliteBook_840_G8_i5_1145G7_16Go_256Go_14_Pouces_58091477.htm,hp elitebook 840 g8 i5 1145g7 16go 256go 14 pouces cpu intel core i5 1145g7 11ème,e11fc31a811cfb57ee7e8251e6ded366,False
78300172,Apple,Macbook Pro Retina 2012,i7,8.0,256.0,1.0,Geforce Gt 660m,Dedicated,,15.4,,1900.0,188,Casablanca,0.0,,False,False,https://www.avito.ma/fr/sidi_moumen/ordinateurs_portables/MacBook_i7_pro_Rétine_double_Ram_8_disque_256_SSD_58766079.htm,macbook i7 pro rétine double ram 8 disque 256 ssd macbook pro retina 2012 i7 double,f5ba16ff8897e882f1fdce80ca71d887,False
78300141,Lenovo,80E5,i7-5500u,8.0,512.0,1.0,Intel Hd Graphics 5500,Integrated,,15.0,,1500.0,193,Casablanca,0.0,,False,False,https://www.avito.ma/fr/sidi_moumen/ordinateurs_portables/Lenovo_i7_Ram_8_disque_512_SSD_écran_15_58766056.htm,lenovo i7 ram 8 disque 512 ssd écran 15 lenovo 80e5 importé d italie bon état caractéristiques,7d9b473f8e18e9267e64083dc92fe783,False
78300119,Hp,Notebook,i5-1035g1,8.0,238.0,1.0,Intel Hd Graphics Family,Integrated,,15.0,,2200.0,189,Casablanca,0.0,,False,False,https://www.avito.ma/fr/sidi_moumen/ordinateurs_portables/HP_i5_10ème_Gén_RAM_8_Disque_256_SSD_Écran_15_58766046.htm,hp i5 10ème gén ram 8 disque 256 ssd écran 15 hp i5 10ème gén notebook importé d,e623a75bba78fc40fe09fb00c68d675e,False
77473236,Dell,Latitude 7320,i5-1145g7,16.0,256.0,1.0,,,,13.3,,3300.0,226,Casablanca,0.0,1.0,True,True,https://www.avito.ma/fr/oasis/ordinateurs_portables/DELL_LATITUDE_7320_CORE_I5_TACTILE_57990144.htm,dell latitude 7320 core i5 tactile dell latitude 7320 tactile état excellent pc portable,f850779fb234b2af57b4a463c8481512,False
77855160,Apple,Macbook Air 15 M5,M5,24.0,1000.0,1.0,Apple Gpu,Integrated,,15.3,,26590.0,377,Casablanca,1.0,,True,False,https://www.avito.ma/fr/anfa/ordinateurs_portables/MacBook_Air_15_M5_24Go_1To_Bleu_Ciel_58348855.htm,macbook air 15 m5 24go 1to bleu ciel apple macbook air 15 m5 24 go ssd 1 to bleu,443302e6890928c1ac1a1484864e753c,False
77849599,Lenovo,Thinkpad L13 Gen3,i5-1245u,16.0,256.0,1.0,,,,13.3,,3700.0,219,Casablanca,0.0,,True,False,https://www.avito.ma/fr/oasis/ordinateurs_portables/LENOVO_THINKPAD_L13_GEN3_CORE_I5_12ÈME_GÉNÉRATION_58343792.htm,lenovo thinkpad l13 gen3 core i5 12ème génération lenovo thinkpad l13 gen 3 i5 12ᵉ,92f1237aab7d31950115a41967be50da,False
77301845,Hp,Elitebook 845 G7,Ryzen 5 Pro 4650u,8.0,256.0,1.0,,,,14.0,,3050.0,193,Casablanca,,,True,True,https://www.avito.ma/fr/oasis/ordinateurs_portables/HP_ELITEBOOK_845_G7_AMD_RYZEN_57832494.htm,hp elitebook 845 g7 amd ryzen v hp elitebook 845 g7 amd ryzen pro 5 8go 256 ssd prix,a11d9386ca6f7838a118199a43b5acf8,False
78299908,Apple,Macbook Air 2015,i5,8.0,128.0,1.0,Intel Graphics 60,Integrated,,13.3,,1800.0,181,Casablanca,0.0,,False,False,https://www.avito.ma/fr/sidi_moumen/ordinateurs_portables/MacBook_2015_i5_Slime_Ram_8_disque_SSD_batterie_5h_58765910.htm,macbook 2015 i5 slime ram 8 disque ssd batterie 5h macbook air slime i5 fin 2015,a28a84a0ae8d76ba11a7f1a2a35c6a88,False
78299895,Hp,Notebook,i3-5005,8.0,128.0,1.0,Radeon Tm M330,Dedicated,2.0,15.0,,1400.0,174,Casablanca,0.0,,False,False,https://www.avito.ma/fr/sidi_moumen/ordinateurs_portables/HP_double_graphique_Ram_8_disque_SSD_écran_15_58765901.htm,hp double graphique ram 8 disque ssd écran 15 hp notebook double graphique très bon,db7a959bae6dc9750e687d8311361515,False
78299888,Hp,Zbook 15U G2,i7-5500u,8.0,156.0,1.0,Radeon R7 M256 Series,Dedicated,2.0,15.0,,1600.0,180,Casablanca,0.0,,False,False,https://www.avito.ma/fr/sidi_moumen/ordinateurs_portables/hp_i7_zbook_double_graphique_Ram_8_disque_SSD_58765896.htm,hp i7 zbook double graphique ram 8 disque ssd hp i7 zbook 15u g2 importé d italie,004c6ea25ce9ebd7fe27c7c1a3849666,False
78299884,Lenovo,Thinkpad T460,i3-6100u,8.0,128.0,1.0,Intel Hd Graphics 520,Integrated,,14.0,,1500.0,173,Casablanca,0.0,,False,False,https://www.avito.ma/fr/sidi_moumen/ordinateurs_portables/Lenovo_Thinkpad_6ème_génération_RAM_8_disque_SSD_batterie____6h_58765892.htm,lenovo thinkpad 6ème génération ram 8 disque ssd batterie 6h lenovo thinkpad 6ème,f21c03f96c3f2a7358da7daa736aa3d2,False
77596322,Msi,,i5,16.0,256.0,1.0,,,,,,3300.0,198,Rabat,,,True,False,https://www.avito.ma/fr/autre_secteur/ordinateurs_portables/MSI_I5_10ème_Gén_16RAM_256SSD_58105144.htm,msi i5 10ème gén 16ram 256ssd msi i5 10ème gén 16ram 256ssd,0df9f0e6a1daddcb059470eec9d2e3b1,False
78248819,Dell,Latitude 5450,Core Ultra 7 155u,16.0,512.0,1.0,,,,14.0,,6500.0,248,Meknès,0.0,,True,True,https://www.avito.ma/fr/hamria/ordinateurs_portables/Dell_Latitude_5450_Ultra_7_155U_16GB___512GB_58718155.htm,dell latitude 5450 ultra 7 155u 16gb 512gb je mets en vente dell latitude 5450 intel,b2ad59594cb819249396ab0e6ceb5d21,False
78248740,Hp,Probook 460 G11,Core Ultra 5 125u,16.0,512.0,1.0,,,,16.0,,6000.0,250,Meknès,0.0,,True,True,https://www.avito.ma/fr/hamria/ordinateurs_portables/HP_ProBook_460_G11_Ultra_5_16GB___512GB_58717663.htm,hp probook 460 g11 ultra 5 16gb 512gb je mets en vente hp probook 460 g11 intel core,b042c2ac55ab46b75e7d6c5ebf09a914,False
77855193,Apple,Macbook Neo 13 A18 Pro,A18 Pro,8.0,256.0,1.0,Apple Gpu,Integrated,,13.3,,9299.0,314,Casablanca,1.0,,True,False,https://www.avito.ma/fr/anfa/ordinateurs_portables/MacBook_Neo_13_A18_Pro_8Go_256Go_Bleu_Ciel_58348884.htm,macbook neo 13 a18 pro 8go 256go bleu ciel apple macbook neo 13 a18 pro 8 go ssd,f31e4a7e3f2e5bcf95ccb7a33ff490fa,False
78001398,Hp,Elitebook 850 G8,i7-1185g7,16.0,256.0,1.0,Intel Iris Xe,Integrated,,15.6,,4550.0,265,Tanger,0.0,,True,False,https://www.avito.ma/fr/autre_secteur/ordinateurs_portables/HP_EliteBook_850_G8___I7_1185G7_16_Go_256_Go_58485937.htm,hp elitebook 850 g8 i7 1185g7 16 go 256 go cpu intel core i7 1185g7 11ème génération,3da60aa1b37e3fbc7cfc7ab3bf1c5adc,False
78298985,Microsoft,Surface Laptop 3,i7-1065g7,32.0,1000.0,1.0,,,,15.0,,6000.0,271,Khouribga,0.0,1.0,False,False,https://www.avito.ma/fr/khouribga/ordinateurs_portables/Microsoft_Surface_Laptop_3_15_pouces_i7_32Go_RAM_1To_SSD_58765039.htm,microsoft surface laptop 3 15 pouces i7 32go ram 1to ssd microsoft surface laptop,0173582c705ad53dda61208df55cb2ad,False
78299749,Apple,Macbook Pro,i5,8.0,128.0,1.0,Intel Hd Graphics 30,Integrated,,13.3,,1300.0,181,Casablanca,0.0,,False,False,https://www.avito.ma/fr/sidi_moumen/ordinateurs_portables/MacBook_pro_i5_Ram_8_disque_SSD_batterie_4h_58765627.htm,macbook pro i5 ram 8 disque ssd batterie 4h macbook pro écran 13.3 processeur intel,79778015b0e7d28b629a2a4f2da2dc8e,False
78299738,Lenovo,Thinkpad E490,i3-8100u,8.0,128.0,1.0,Intel Hd Graphics 620,Integrated,,14.0,,1600.0,168,Casablanca,0.0,,False,False,https://www.avito.ma/fr/sidi_moumen/ordinateurs_portables/Lenovo_Thinkpad_8ème_génération_RAM_8_disque_SSD_batterie_5h_58765610.htm,lenovo thinkpad 8ème génération ram 8 disque ssd batterie 5h lenovo thinkpad 8ème,b4204f6513c950d3e7114705a6d533dd,False
78218155,Apple,Macbook Pro 2016,i7,16.0,512.0,1.0,,,,15.0,,3500.0,234,Agadir,,,False,False,https://www.avito.ma/fr/hay_dakhla/ordinateurs_portables/MacBook_Pro_2016_58688715.htm,macbook pro 2016 modèle macbook pro 15 2016 processeur intel core i7 2 6 ghz mémoire,00c545014a9d16105ca2d8477c11c6d3,False
78299723,Acer,Aspire A517 51,i5-8250,8.0,128.0,1.0,Intel Hd Graphics 620,Integrated,,17.0,,1800.0,170,Casablanca,0.0,,False,False,https://www.avito.ma/fr/sidi_moumen/ordinateurs_portables/Acer_i5_8ème_génération_RAM_8_disque_SSD_et_500_écran_17_58765597.htm,acer i5 8ème génération ram 8 disque ssd et 500 écran 17 acer i5 8ème génération,ab8547ff4318d65b1c26477213b4b7c6,False
77581568,Hp,Zbook Fury 17 G8,i7-11850h,32.0,1000.0,1.0,Quadro T1200,Dedicated,4.0,17.3,,7950.0,396,Rabat,0.0,1.0,True,False,https://www.avito.ma/fr/autre_secteur/ordinateurs_portables/HP_ZBook_Fury_17_G8_Tactile_i7_11850H_Nvidia_T1200_58091363.htm,hp zbook fury 17 g8 tactile i7 11850h nvidia t1200 cpu intel core i7 11850h de 11e,e505c2fea594ea25b2f943f1abab7cbc,False
78001245,Dell,Latitude 7420,i5-1145g7,16.0,256.0,1.0,Intel Iris Xe,Integrated,,14.0,,2999.0,263,Rabat,0.0,,True,False,https://www.avito.ma/fr/autre_secteur/ordinateurs_portables/DELL_Latitude_7420_i5_1145G7_16Go_256Go_14_Pouces_58485933.htm,dell latitude 7420 i5 1145g7 16go 256go 14 pouces cpu intel core i5 1145g7 jusqu,a907c87bd62266f91ed6ea0d5a991103,False
77581391,Hp,Elitebook 840 G10,i7-1365u,32.0,512.0,1.0,Intel Iris Xe,Integrated,,14.0,,7250.0,318,Rabat,0.0,1.0,True,False,https://www.avito.ma/fr/autre_secteur/ordinateurs_portables/HP_EliteBook_840_G10_Tactile_i7_1365U_32_Go_512_Go_58091273.htm,hp elitebook 840 g10 tactile i7 1365u 32 go 512 go cpu intel core i7 1365u 13ème,99f9cca317a3c704e146b906bbc34b12,False
78299690,Fujitsu,Siemens,i7-4610m,8.0,128.0,1.0,Intel Hd Graphics 4600,Integrated,,15.0,,1500.0,165,Casablanca,0.0,,False,False,https://www.avito.ma/fr/sidi_moumen/ordinateurs_portables/Fujitsu_i7_Ram_8_disque_SSD_batterie_5h_écran_15_58765572.htm,fujitsu i7 ram 8 disque ssd batterie 5h écran 15 fujitsu siemens i7 importé d italie,5c8f5a3e674213faa52c4a20d8b5728c,False
78299682,Toshiba,,i7-5500u,8.0,128.0,1.0,Intel Hd Graphics 5500,Integrated,,15.0,,1500.0,164,Casablanca,0.0,,False,False,https://www.avito.ma/fr/sidi_moumen/ordinateurs_portables/Toshiba_i7_Ram_8_disque_SSD_batterie____6h_58765566.htm,toshiba i7 ram 8 disque ssd batterie 6h toshiba i7 importé d italie bon état intel,fb8757c4701e4abf8eb7c1c5d1a71d67,False
77581314,Hp,Zbook Fury 15 G8,i7-11850h,32.0,1000.0,1.0,Quadro T1200,Dedicated,4.0,15.6,,7499.0,403,Casablanca,0.0,1.0,True,False,https://www.avito.ma/fr/autre_secteur/ordinateurs_portables/HP_ZBook_Fury_15_G8_Tactile_58091130.htm,hp zbook fury 15 g8 tactile cpu intel core i7 11850h 11ème génération 8c 16c 2.50,9b8478d15dd3ee5de468d1c75ab11faf,False
78299654,Hp,Elitebook 2570P,i7-3520m,8.0,128.0,1.0,Intel Graphics 40,Integrated,,13.0,,1300.0,164,Casablanca,0.0,,False,False,https://www.avito.ma/fr/sidi_moumen/ordinateurs_portables/hp_i7_EliteBook_professionnel_Ram_8_disque_SSD_58765547.htm,hp i7 elitebook professionnel ram 8 disque ssd hp i7 elitebook 2570p très bon état,6bf4e191ba96d686be8d6e6a3fd64ade,False
77410756,Apple,Macbook Pro M5,M5,24.0,1000.0,1.0,,,,14.0,,28499.0,332,Casablanca,1.0,,True,False,https://www.avito.ma/fr/anfa/ordinateurs_portables/MacBook_Pro_M5_14_24Go_1To_SSD_Neuf_Garantie_57932277.htm,macbook pro m5 14 24go 1to ssd neuf garantie je vends un macbook pro m5 neuf avec,61a9de2de959fc20c9170e438888af5c,False
77944715,Hp,Elitebook 6 G1I Ai,Core Ultra 7 265u,16.0,512.0,1.0,Intel Graphics,Integrated,18.0,16.0,,8700.0,276,Kénitra,,,True,True,https://www.avito.ma/fr/maamora/ordinateurs_portables/HP_EliteBook_6_G1i_Ai_Ultra_7_265U_16Go_RAM_512Go_SSD_58432679.htm,hp elitebook 6 g1i ai ultra 7 265u 16go ram 512go ssd 14ème génération cpu intel,52adbb39913c2ddf019ad2ad0ea77ed7,False
77224054,Dell,Xps 13 9340,Core Ultra 7 155h,32.0,512.0,1.0,Intel Arc Tm Graphics,Integrated,18.0,13.3,,10500.0,299,Kénitra,,,True,False,https://www.avito.ma/fr/maamora/ordinateurs_portables/___DELL_XPS_13_9340_Ultra_7_32RAM_512SSD_Oled____57759760.htm,dell xps 13 9340 ultra 7 32ram 512ssd oled 14ème génération cpu intel ultra 7 155h,780206ab703cc539514dd78c5b833143,False
77488157,Lenovo,Thinkpad L14 Ryzen 5,Ryzen 5 5650u,16.0,256.0,1.0,Amd Radeon Graphics,Integrated,8.0,14.0,,3500.0,260,Kénitra,,,True,True,https://www.avito.ma/fr/maamora/ordinateurs_portables/___Lenovo_Thinkpad_L14_Ryzen_5_11th_Gen_16GB_RAM_SSD____58003617.htm,lenovo thinkpad l14 ryzen 5 11th gen 16gb ram ssd 11ème génération cpu amd ryzen,c59f5174eb5a4a2a94a822da5ad3de78,False
77489277,Lenovo,Thinkpad L14,i7-1355u,16.0,512.0,1.0,Intel Iris Xe,Integrated,20.0,14.0,,5500.0,298,Kénitra,,,True,True,https://www.avito.ma/fr/maamora/ordinateurs_portables/___Lenovo_Thinkpad_L14_i7_13ème_Gén_16Go_512SSD____58004651.htm,lenovo thinkpad l14 i7 13ème gén 16go 512ssd 13ème génération cpu intel core i7 1355u,9d8ff9e26a67be9724c561c2e1d3eff7,False
77944768,Hp,Elitebook 830 G8,i5-1135g7,16.0,512.0,1.0,Intel Iris Xe,Integrated,8.0,13.3,,3600.0,274,Kénitra,,,True,True,https://www.avito.ma/fr/maamora/ordinateurs_portables/___HP_EliteBook_830_G8_i5_11ème_Génération_16Go_RAM_512Go_SSD_58432724.htm,hp elitebook 830 g8 i5 11ème génération 16go ram 512go ssd 11ème génération cpu intel,04e9ff23031ab7b981d48491992b83ee,False
77166139,Apple,Macbook Pro Retina 13 Pouces 2015,i5,8.0,256.0,1.0,Intel Iris Graphics 6100,Integrated,,13.0,,2500.0,218,Kénitra,0.0,,True,False,https://www.avito.ma/fr/maamora/ordinateurs_portables/___MacBook_Pro_Retina_13_pouces_2015_i5_SSD____57705730.htm,macbook pro retina 13 pouces 2015 i5 ssd processeur intel core i5 2.7 ghz double,a20ebd43f80780c12a0abe8acac630e6,False
77944672,Hp,Probook 4 G1I Ultra,Core Ultra 7 255u,16.0,512.0,1.0,Intel Graphics,Integrated,9.0,16.0,,7800.0,273,Kénitra,,,True,True,https://www.avito.ma/fr/maamora/ordinateurs_portables/__HP_Probook_4_G1i_Ultra_7_14ème_Génération_16RAM_512SSD___58432646.htm,hp probook 4 g1i ultra 7 14ème génération 16ram 512ssd 14ème génération cpu intel,08a9e8b6dea21a0dea9956418a8eef44,False
77166196,Dell,Latitude 5320,i5-1145g7,8.0,256.0,1.0,Intel Iris Xe,Integrated,8.0,13.3,,3100.0,243,Kénitra,,1.0,True,False,https://www.avito.ma/fr/maamora/ordinateurs_portables/__DELL_Latitude_5320_i5_11ème_Génération_SSD_Tactile_X360___57705776.htm,dell latitude 5320 i5 11ème génération ssd tactile x360 11ème génération cpu intel,153b0d38abf195fe38582933fbbfb0e5,False
77224250,Hp,Pavilion 14,i5-1135g7,8.0,512.0,1.0,Intel Iris Xe,Integrated,8.0,15.6,,3500.0,251,Kénitra,,,True,False,https://www.avito.ma/fr/maamora/ordinateurs_portables/___HP_Pavilion_14_i5_11th_Gen_8ram_512SSD_____57760470.htm,hp pavilion 14 i5 11th gen 8ram 512ssd 11ème génération cpu intel core i5 1135g7,29a9867273b2104caed88fc395a18d51,False
77944468,Hp,Elitebook 665 16 G11,Ryzen 5 Pro 7535u,16.0,512.0,1.0,Amd Radeon Graphics,Integrated,8.0,16.0,,5300.0,277,Kénitra,,,True,True,https://www.avito.ma/fr/maamora/ordinateurs_portables/HP_EliteBook_665_16_G11_Ryzen_5_Pro_16ram_512SSD_58432444.htm,hp elitebook 665 16 g11 ryzen 5 pro 16ram 512ssd 13ème génération cpu amd ryzen 5,2fe134a4dac46cd8427145b3efc210d3,False
77944486,Hp,Elitebook G11,Ryzen 5 Pro 7535u,16.0,512.0,1.0,Amd Radeon Graphics,Integrated,8.0,16.0,,5300.0,277,Kénitra,,,True,False,https://www.avito.ma/fr/maamora/ordinateurs_portables/HP_EliteBook_G11_Ryzen_5_Pro_13th_Gen_16Go_512SSD_58432450.htm,hp elitebook g11 ryzen 5 pro 13th gen 16go 512ssd 13ème génération cpu amd ryzen,7eae25abee96c8dd2472b747faf9ce63,False
77224138,Lenovo,Thinkpad L14,i5-1135g7,16.0,256.0,1.0,Intel Iris Xe,Integrated,8.0,14.0,,3600.0,272,Kénitra,,,True,False,https://www.avito.ma/fr/maamora/ordinateurs_portables/___Lenovo_Thinkpad_L14_i5_11ème_Gén_16Go_RAM_256Go_SSD___57759852.htm,lenovo thinkpad l14 i5 11ème gén 16go ram 256go ssd 11ème génération cpu intel core,b3f45d12b29fb279ab4338f2975c30df,False
77944867,Hp,Envy X360,i7-1250u,16.0,512.0,1.0,Intel Iris Xe,Integrated,8.0,13.3,,5700.0,294,Kénitra,,1.0,True,True,https://www.avito.ma/fr/maamora/ordinateurs_portables/___HP_ENVY_X360_i7_12ème_Gén_16Go_512SSD_Tactile_58432813.htm,hp envy x360 i7 12ème gén 16go 512ssd tactile 12ème génération cpu intel core i7,bb79a5b67679d0e136192ff6576f5c2b,False
77224319,Hp,Zbook Fierfly 14 G9,i7-1265u,16.0,512.0,1.0,Intel Iris Xe,Integrated,8.0,14.0,,6500.0,293,Kénitra,,,True,False,https://www.avito.ma/fr/maamora/ordinateurs_portables/___HP_Zbook_Fierfly_14_G9_i7_12ème_Gén_16Go_RAM_512SSD____57759996.htm,hp zbook fierfly 14 g9 i7 12ème gén 16go ram 512ssd 12ème génération cpu intel core,f7653ee539ad4c3f47a7c986ac67c2b4,False
76108811,Dell,Latitude 5530,i7-1255u,16.0,512.0,1.0,Intel Iris Xe,Integrated,16.0,15.6,,5300.0,296,Kénitra,,,True,True,https://www.avito.ma/fr/maamora/ordinateurs_portables/__DELL_Latitude_5530_i7_12th_Gen_16ram_512SSD___56753280.htm,dell latitude 5530 i7 12th gen 16ram 512ssd 12ème génération cpu intel core i7 1255u,f5c08ed88c8e6b34ed4e8ce568ac9173,False
77944663,Hp,Probook 4 G1I Ai Ultra,Core Ultra 7 255u,32.0,1000.0,1.0,Intel Graphics,Integrated,18.0,16.0,,8300.0,306,Kénitra,,,True,True,https://www.avito.ma/fr/maamora/ordinateurs_portables/HP_Probook_4_G1i_AI_Ultra_7_14ème_Génération_32Go_RAM_1000Go_SSD_58432637.htm,hp probook 4 g1i ai ultra 7 14ème génération 32go ram 10go ssd 14ème génération cpu,2537c291eb770d52674ace34f2fa7978,False
77944704,Hp,Elitebook 8 G1A Ai,Ryzen 5 230,24.0,512.0,1.0,Amd Radeon Graphics,Integrated,12.0,16.0,,6500.0,300,Kénitra,,,True,True,https://www.avito.ma/fr/maamora/ordinateurs_portables/HP_EliteBook_8_G1a_AI_Ryzen_5_14ème_Gén_24Go_512SSD_58432670.htm,hp elitebook 8 g1a ai ryzen 5 14ème gén 24go 512ssd 14ème génération cpu amd ryzen,d0bb652ebacf90b8df0a38852a08be52,False
77165983,Hp,Elitebook 645 G11,Ryzen 5 7535u,16.0,256.0,1.0,Amd Radeon Graphics,Integrated,8.0,14.0,,4900.0,266,Kénitra,,,True,False,https://www.avito.ma/fr/maamora/ordinateurs_portables/___HP_EliteBook_645_G11_Ryzen5_13th_Gen_16ram_SSD____57705618.htm,hp elitebook 645 g11 ryzen5 13th gen 16ram ssd 13ème génération cpu amd ryzen 5 7535u,18a8b3500d3a291daf3337ac49643215,False
77489638,Lenovo,Ideapad,i5-1235u,8.0,256.0,1.0,Intel Uhd Graphics,Integrated,4.0,15.6,,3500.0,215,Kénitra,,,True,True,https://www.avito.ma/fr/maamora/ordinateurs_portables/___Lenovo_Ideapad_i5_12ème_Génération_8Go_RAM_256SSD____58005001.htm,lenovo ideapad i5 12ème génération 8go ram 256ssd 12ème génération cpu intel core,c401e568e642a3e6f8d350d32688fa13,False
77944386,Msi,Prestige 16,i7-1280p,16.0,1000.0,1.0,Rtx 3050 Ti,Dedicated,4.0,,,7800.0,381,Kénitra,,,True,True,https://www.avito.ma/fr/maamora/ordinateurs_portables/MSI_Prestige_16_i7_12ème_Gén_16Go_1000SSD_RTX3050Ti_58432365.htm,msi prestige 16 i7 12ème gén 16go 10ssd rtx3050ti à vendre ordinateur portable msi,e66bed82b36bd286796e8413952e7cc3,False
77944653,Hp,Probook 4 G1 16 Ultra,Core Ultra 7 255u,32.0,1000.0,1.0,Intel Graphics,Integrated,18.0,16.0,,8100.0,306,Kénitra,,,True,True,https://www.avito.ma/fr/maamora/ordinateurs_portables/___HP_Probook_4_G1_16_ULTRA_7_255U_32RAM_1000SSD_58432628.htm,hp probook 4 g1 16 ultra 7 255u 32ram 10ssd 14ème génération cpu intel core ultra,a199c3e2ae1ec594ef6fb48aa98d8b65,False
77476942,Hp,Zbook Power 16 G11,Core Ultra 7 155h,32.0,10000.0,1.0,Rtx 10 Ada Generation,Dedicated,6.0,16.0,,11500.0,458,Kénitra,,,True,True,https://www.avito.ma/fr/maamora/ordinateurs_portables/HP_Zbook_Power_16_G11_Ultra7_32Go_1To_RTX_1000_6Go_57993116.htm,hp zbook power 16 g11 ultra7 32go 1to rtx 10 6go 14ème génération processeur intel,fa7a6295c6db7672bf9fab60da800550,False
77114244,Dell,Pro Max 16 Plus,Core Ultra 9 285hx,64.0,1000.0,1.0,Rtx Pro 30 Blackwell Generation,Dedicated,12.0,16.0,120.0,29999.0,609,Casablanca,1.0,,True,False,https://www.avito.ma/fr/maarif/ordinateurs_portables/Dell_Pro_Max_16_plus___neuf_57656347.htm,dell pro max 16 plus neuf écran lcd 16 avec résolution fhd 1 920 1 200 et fréquence,b5c6722fb7fcd24526f596e9d1b8743d,False
74678235,Hp,,i7,16.0,256.0,1.0,,,,,,3200.0,203,Rabat,,,True,False,https://www.avito.ma/fr/autre_secteur/ordinateurs_portables/HP_I7_8ème_Gén_256SSD_16RAM_DDR4_55577395.htm,hp i7 8ème gén 256ssd 16ram ddr4 hp i7 8ème gén 256ssd 16ram ddr4,8db2aeb4b4e87b006c05c19c3369d73a,False
78299449,Hp,250 G6 Notebook,i3-7020u,8.0,128.0,1.0,Intel Hd Graphics 620,Integrated,,15.0,,1500.0,168,Casablanca,0.0,,False,False,https://www.avito.ma/fr/sidi_moumen/ordinateurs_portables/HP_7ème_génération_RAM_8_disque_SSD_et_500_batterie_5h_58765318.htm,hp 7ème génération ram 8 disque ssd et 500 batterie 5h hp 7ème génération très bon,ddbd4b46be9b0fbd1caddd61804b8857,False
78299426,Dell,Vostro 15 3568,i5-7200u,8.0,128.0,1.0,Intel Hd Graphics 640,Integrated,,15.0,,1700.0,170,Casablanca,0.0,,False,False,https://www.avito.ma/fr/sidi_moumen/ordinateurs_portables/Dell_i5_7ème_Vostro_RAM_8_disque_SSD_batterie_5h_58765300.htm,dell i5 7ème vostro ram 8 disque ssd batterie 5h dell i5 7ème vostro 15 3568 importé,0bd269fa84cbfae3e36702cbca22976d,False
78299422,Hp,Probook 430 G4,i5-7200,8.0,256.0,1.0,Intel Hd Graphics 620,Integrated,,13.0,,1800.0,177,Casablanca,0.0,,False,False,https://www.avito.ma/fr/sidi_moumen/ordinateurs_portables/HP_i5_7ème_Génération_Slim_RAM_8_Disque_256_SSD_Batterie_5h_58765297.htm,hp i5 7ème génération slim ram 8 disque 256 ssd batterie 5h hp i5 7ème génération,06e337c451e36a3c2c5bb2d744bf2396,False
78001386,Hp,Zbook Firefly 14 G8,i5-1135g7,16.0,256.0,1.0,Intel Iris Xe,Integrated,,14.0,,3600.0,264,Marrakech,0.0,,True,False,https://www.avito.ma/fr/autre_secteur/ordinateurs_portables/HP_ZBook_Firefly_14_G8_i5_1135G7_16_Go_256_Go_58485936.htm,hp zbook firefly 14 g8 i5 1135g7 16 go 256 go cpu intel core i5 1135g7 vitesse turbo,2730f783d69ef642e91b973ab9e555ec,False
78299366,Hp,Elitebook 830 G7,i5-10210u,8.0,256.0,1.0,Intel Uhd Graphics,Integrated,,13.3,,2750.0,188,Tanger,,,False,False,https://www.avito.ma/fr/tanger/ordinateurs_portables/HP_EliteBook_830_G7___i5_10e_58765267.htm,hp elitebook 830 g7 i5 10e à vendre hp elitebook 830 g7 en très bon état. processeur,3b25eeaa703b15b5a7d8676d46671ef8,False
73375894,Hp,Elitebook 840 G5,i5,8.0,256.0,1.0,,,,,,2600.0,166,Rabat,,,True,False,https://www.avito.ma/fr/autre_secteur/ordinateurs_portables/HP_Elitebook_840_G5_i5_8ème_8G_RAM_256_SSD_54606342.htm,hp elitebook 840 g5 i5 8ème 8g ram 256 ssd hp elitebook 840 g5 intel core i5 8ème,e97a8aa45b104f9a4849038ea6224d7a,False
77696635,Hp,Elitebook 840 G7,i5,8.0,256.0,1.0,,,,,,3000.0,166,Rabat,,,True,False,https://www.avito.ma/fr/rabat/ordinateurs_portables/HP_840_G7_i5_10ème_Gén_8_Go_DDR4_256_SSD_58200440.htm,hp 840 g7 i5 10ème gén 8 go ddr4 256 ssd ordinateur portable hp elitebook 840 g7,a05dd85d6221e099d75cf7bcc67c9af2,False
78248568,Microsoft,Surface Laptop 4,i7,16.0,512.0,1.0,,,,,,5000.0,232,Meknès,0.0,1.0,True,True,https://www.avito.ma/fr/hamria/ordinateurs_portables/Surface_Laptop_4_i7_11ème_Gén_16GB___512GB_tactile_58717635.htm,surface laptop 4 i7 11ème gén 16gb 512gb tactile je mets en vente microsoft surface,2d69ae5fda6a6d030963e398afed8f0e,False
78248665,Hp,Probook 460 G11,Core Ultra 7 155h,32.0,1000.0,1.0,Rtx 2050,Dedicated,4.0,16.0,,8000.0,411,Meknès,0.0,,True,True,https://www.avito.ma/fr/hamria/ordinateurs_portables/HP_ProBook_460_G11_Ultra_7_32GB___1TB_RTX2050_58717649.htm,hp probook 460 g11 ultra 7 32gb 1tb rtx2050 je mets en vente hp probook 460 g11 intel,d73826490998bfd5a7cfa8692427efe9,False
75096042,Lenovo,Loq 15irx9,i7-13650hx,24.0,512.0,1.0,Rtx 3060,Dedicated,6.0,15.6,,13000.0,541,Tanger,1.0,,True,False,https://www.avito.ma/fr/marjane/ordinateurs_portables/Neuf_Lenovo_LOQ_15IRX9_i7_13th__24GB__RTX_3060_6GB_55907639.htm,neuf lenovo loq 15irx9 i7 13th 24gb rtx 3060 6gb planet computer met en vente un,c532c047dda5d68489714cc1cbf80150,False
77637915,Hp,Probook 450 G7,i5-10210u,8.0,256.0,1.0,Intel Uhd Graphics,Integrated,,15.6,,2900.0,198,Rabat,,,True,False,https://www.avito.ma/fr/autre_secteur/ordinateurs_portables/HP_ProBook_450_G7_I5_10ème_Gén_8G_RAM_256_SSD_58145015.htm,hp probook 450 g7 i5 10ème gén 8g ram 256 ssd pc portable hp probook 450 g7 écran,faee1f9994fe057dfaadbbda65daa451,False
77141224,Hp,Elitebook 8 G1i,Core Ultra 7 255u,32.0,512.0,1.0,Intel Arc 140t,Integrated,,16.0,,13999.0,361,Casablanca,1.0,,True,False,https://www.avito.ma/fr/maarif/ordinateurs_portables/HP_EliteBook_8_G1i_16___32_Go___512_SSD___Neuf_57682002.htm,hp elitebook 8 g1i 16 32 go 512 ssd neuf processeur intel core ultra 7 255u jusqu,abc6f25eddd1ff0352092a2e797ae974,False
77958612,Apple,Macbook Neo A18 Pro,A18 Pro,8.0,512.0,1.0,Apple A18 Pro,Integrated,,13.0,,10399.0,326,Casablanca,1.0,,True,False,https://www.avito.ma/fr/anfa/ordinateurs_portables/Apple_MacBook_Neo_A18_Pro_8Go_512Go_SSD_58445605.htm,apple macbook neo a18 pro 8go 512go ssd découvrez le macbook neo équipé de la puce,24190e7a2911542c6930aa665a0d0d5f,False
77501593,Hp,Elitebook 645 G10,Ryzen 5 Pro 7530u,8.0,256.0,1.0,Amd Radeon,Integrated,,14.0,,4199.0,218,Salé,,,True,True,https://www.avito.ma/fr/sala_el_jadida/ordinateurs_portables/HP_EliteBook_645_G10_Ryzen_5_PRO_7530U_8Go_256Go_58016236.htm,hp elitebook 645 g10 ryzen 5 pro 7530u 8go 256go processeur amd ryzen 5 pro 7530u,9d04ec2d1cbffe16ee89928a542c0e7c,False
77657949,Dell,Pro Max 16,Core Ultra 7 265h,64.0,1000.0,1.0,Rtx Pro 10,Dedicated,8.0,16.0,,21500.0,539,Casablanca,1.0,,True,False,https://www.avito.ma/fr/maarif/ordinateurs_portables/Dell_Pro_Max_16_Ultra7_64_Go_1To_RTX_Pro1000_Neuf_58163722.htm,dell pro max 16 ultra7 64 go 1to rtx pro10 neuf processeur intel core ultra 7 265h,e6a48885f8b5fd4e12301a3c51903665,False
77501343,Msi,Thin Gf63,i5-12450h,16.0,512.0,1.0,Rtx 4050,Dedicated,6.0,15.6,,8990.0,413,Casablanca,0.0,,True,True,https://www.avito.ma/fr/autre_secteur/ordinateurs_portables/MSI_Thin_GF63_i5_12450H_RTX4050_16G_SSD512_58016053.htm,msi thin gf63 i5 12450h rtx4050 16g ssd512 intel core i5 12450h 12ème génération,d77480d5365832c627cbcb6b00f71d62,False
78202822,Dell,Pro Max 16 Plus,Core Ultra 9 285hx,128.0,1000.0,1.0,Rtx Pro 40,Dedicated,16.0,16.0,120.0,34999.0,531,Casablanca,,,True,False,https://www.avito.ma/fr/maarif/ordinateurs_portables/Dell_Pro_Max_16_Plus_U9_285HX_128Go1To_PRO_4000_58674255.htm,dell pro max 16 plus u9 285hx 128go1to pro 40 cpu intel core ultra 9 285hx 24 cœurs,b6fa25e671e594c1390d06b830eb6222,False
77852128,Asus,Vivobook 16 Oled,Ryzen 7 170,16.0,1000.0,1.0,Amd Radeon,Integrated,,16.0,,6400.0,275,Rabat,,,True,True,https://www.avito.ma/fr/yacoub_el_mansour/ordinateurs_portables/ASUS_VivoBook_16_OLED___Ryzen_7_170_58346063.htm,asus vivobook 16 oled ryzen 7 170 asus vivobook 16 oled processeur amd ryzen 7 170,4ec4cbd460c2137df2d614070deba50e,False
77082088,Lenovo,Thinkpad T14 Gen5,Core Ultra 7 155u,16.0,512.0,1.0,Intel Graphics,Integrated,,,,6800.0,255,Rabat,,1.0,True,True,https://www.avito.ma/fr/yacoub_el_mansour/ordinateurs_portables/LENOVO_Thinkpad_T14_Gen5___Ultra_7___Tactile_57625646.htm,lenovo thinkpad t14 gen5 ultra 7 tactile lenovo thinkpad t14 gen5 processeur intel,420c22d3e73f8f9e28b67802e0005e68,False
77488044,Lenovo,Thinkpad P1 Gen 4,i7-11850h,16.0,512.0,1.0,Nvidia T1200,Dedicated,4.0,,,7499.0,238,Salé,,,True,True,https://www.avito.ma/fr/sala_el_jadida/ordinateurs_portables/LENOVO_THINKPAD_P1_G4_I7_11850H_16_512_T1200_4GB_58003575.htm,lenovo thinkpad p1 g4 i7 11850h 16 512 t1200 4gb marque lenovo gamme thinkpad modèle,80852d5667475270dd824e4054d30d98,False
77611999,Hp,Omen 16,Core Ultra 7 255h,32.0,1000.0,1.0,Rtx 5060,Dedicated,,,144.0,13800.0,504,Rabat,,,True,True,https://www.avito.ma/fr/yacoub_el_mansour/ordinateurs_portables/HP_OMEN_16___Ultra_7_255H___RTX_5060___32_DDR5_58119123.htm,hp omen 16 ultra 7 255h rtx 5060 32 ddr5 hp omen 16 processeur intel core ultra 7,0910c9a3e27da6dbb78bc001bdc73734,False
78299017,Hp,Zbook Power G7,i5-10300h,16.0,512.0,1.0,Nvidia Quadro P620,Dedicated,4.0,15.6,,5299.0,333,Casablanca,,,False,False,https://www.avito.ma/fr/sidi_maarouf/ordinateurs_portables/HP_ZBook_Power_G7_i5_10ème_Gén_16Go_512Go_SSD_Double_GPU_58765067.htm,hp zbook power g7 i5 10ème gén 16go 512go ssd double gpu modèle hp zbook power g7,cc85a68f1ef8bb1bb8137b6e913e1b3d,False
77982968,Hp,Zbook Power G11,Core Ultra 7 155h,32.0,512.0,1.0,Nvidia Rtx 20 Ada,Dedicated,8.0,16.0,,14500.0,406,Salé,,,True,True,https://www.avito.ma/fr/sala_el_jadida/ordinateurs_portables/HP_ZBook_Power_G11_Ultra_7_32Go_RTX_2000_Ada_58468282.htm,hp zbook power g11 ultra 7 32go rtx 20 ada intel core ultra 7 155h 32 go ram ssd,c6acab35f23fd2e71cceb94963bd4d3b,False
77711475,Hp,Envy 16 X360,Ryzen 7 8840hs,16.0,1000.0,1.0,Amd Radeon,Integrated,,16.0,120.0,8400.0,331,Rabat,,1.0,True,True,https://www.avito.ma/fr/yacoub_el_mansour/ordinateurs_portables/HP_Envy_16_X360___Ryzen_7_8840HS___3K_OLED_58214541.htm,hp envy 16 x360 ryzen 7 8840hs 3k oled hp envy 16 x360 processeur amd ryzen 7 8840hs,6349e5371d0ac3abb2dab22f15ad113c,False
77472804,Lenovo,Thinkpad L480,i7,16.0,256.0,1.0,,,,,,3300.0,203,Rabat,,,True,False,https://www.avito.ma/fr/autre_secteur/ordinateurs_portables/LENOVO_THINKPAD_L480_I7_8ÈME_GÉNÉRATION_256SSD_16_RAM_57989314.htm,lenovo thinkpad l480 i7 8ème génération 256ssd 16 ram lenovo thinkpad l480 i7 8ème,3be791dc70eef68f7b780f3f22eceeba,False
77246094,Hp,Zbook Power 15 G10,i7-13700h,32.0,1000.0,1.0,Nvidia Rtx 20 Ada,Dedicated,8.0,15.6,,11500.0,420,Casablanca,,,True,False,https://www.avito.ma/fr/ain_sebaa/ordinateurs_portables/HP_ZBook_Power_15_G10_I7_13700H_32_1Terra_RTX_2000_57780235.htm,hp zbook power 15 g10 i7 13700h 32 1terra rtx 20 le magasin.ma met a votre disposition,caac6086acf6aea0ccd749f553175c2e,False
78107063,Hp,Zbook Firefly 14 G11,Core Ultra 7 155u,16.0,512.0,1.0,Intel Graphics,Integrated,,14.0,,6700.0,260,Rabat,,,True,True,https://www.avito.ma/fr/yacoub_el_mansour/ordinateurs_portables/HP_ZBook_FireFly_14_G11___Ultra_7_155U_58584077.htm,hp zbook firefly 14 g11 ultra 7 155u hp zbook firefly 14 g11 processeur intel core,c5176c704dd04898714c9e6626b4c0de,False
78262810,Hp,Elitebook 645 G10,Ryzen 5 Pro 7530u,16.0,512.0,1.0,,Integrated,,13.3,,4900.0,233,Rabat,,,True,False,https://www.avito.ma/fr/quartier_de_l_océan/ordinateurs_portables/HP_EliteBook_645_G10___Ryzen_5_Pro_7530U_58730488.htm,hp elitebook 645 g10 ryzen 5 pro 7530u hp elitebook 645 g10 hp elitebook 645 g10,9bd7c21a509139b5703fab2d9416244c,False
77545073,Dell,Latitude 7420,i7-1185g7,16.0,256.0,1.0,Intel Iris Xe,Integrated,,,,3800.0,260,Rabat,,1.0,True,True,https://www.avito.ma/fr/yacoub_el_mansour/ordinateurs_portables/DELL_Latitude_7420___i7_11ème___Tactile_58057387.htm,dell latitude 7420 i7 11ème tactile dell latitude 7420 processeur intel core i7 1185g7,fbbd27e67172b666556bc909b04f8e52,False
78107069,Lenovo,Thinkpad T14s Gen5,Core Ultra 7 165u,32.0,512.0,1.0,Intel Graphics,Integrated,,,,7800.0,275,Rabat,,1.0,True,True,https://www.avito.ma/fr/yacoub_el_mansour/ordinateurs_portables/LENOVO_Thinkpad_T14s_Gen5___Ultra_7___32_RAM_58584080.htm,lenovo thinkpad t14s gen5 ultra 7 32 ram lenovo thinkpad t14s gen5 processeur intel,cf80515a48edb76c8b69a52fb8744af4,False
77711440,Asus,Vivobook Go 15,Ryzen 5 7520u,16.0,512.0,1.0,Amd Radeon,Integrated,,15.0,,3700.0,246,Rabat,,,True,True,https://www.avito.ma/fr/yacoub_el_mansour/ordinateurs_portables/ASUS_VivoBook_Go_15___Ryzen_5_7520U_58214539.htm,asus vivobook go 15 ryzen 5 7520u asus vivobook go 15 processeur amd ryzen 5 7520u,d3c549359e408ee0ca145c000fb856f4,False
77420690,Hp,Elitebook 645 G10,Ryzen 5 Pro 7530u,16.0,256.0,1.0,Amd Radeon Graphics,Integrated,,14.0,,4490.0,251,Rabat,,,True,True,https://www.avito.ma/fr/autre_secteur/ordinateurs_portables/HP_EliteBook_645_G10_Ryzen_5_PRO_7530U_16Go_256Go_57941341.htm,hp elitebook 645 g10 ryzen 5 pro 7530u 16go 256go pc portable professionnel récent,8380faa5d416dc8d3058cd5f58941ff6,False
76522581,Lenovo,Thinkbook 16 G6,Ryzen 7 7730u,32.0,512.0,1.0,Amd Radeon,Integrated,,16.0,,5200.0,289,Rabat,,,True,True,https://www.avito.ma/fr/yacoub_el_mansour/ordinateurs_portables/LENOVO_ThinkBook_16_G6___Ryzen_7_7730U___32_RAM_57119863.htm,lenovo thinkbook 16 g6 ryzen 7 7730u 32 ram lenovo thinkbook 16 g6 processeur amd,049d8464c13321df7167f311dedbfb75,False
77728256,Hp,Laptop 15,Core 5 120u,16.0,512.0,1.0,Intel Graphics,Integrated,,15.0,,4200.0,255,Rabat,,,True,True,https://www.avito.ma/fr/yacoub_el_mansour/ordinateurs_portables/HP_Laptop_15___Core_5_120U_58230491.htm,hp laptop 15 core 5 120u hp laptop 15 processeur intel core 5 120u 12 cpus ram 16,a43e4a34e1dd8391279f642eea1335a3,False
78108159,Dell,,i5,8.0,256.0,1.0,,,,,,2000.0,181,Temara,,1.0,True,False,https://www.avito.ma/fr/centre_ville/ordinateurs_portables/DELL_i5_6ÈME_TACTILE_256SSD_8RAM_58584750.htm,dell i5 6ème tactile 256ssd 8ram dell i5 6ème tactile 256ssd 8ram,25b941275007252ee2a64e5a604c575b,False
78070812,Lenovo,Thinkbook 15 G4,i5-1235u,16.0,512.0,1.0,Intel Iris Xe,Integrated,,15.0,,3800.0,278,Rabat,,,True,False,https://www.avito.ma/fr/yacoub_el_mansour/ordinateurs_portables/LENOVO_ThinkBook_15_G4___i5_12ème_génération_58550097.htm,lenovo thinkbook 15 g4 i5 12ème génération lenovo thinkbook 15 g4 processeur intel,45ceef8deec3a698d11a0702af1af32c,False
77728362,Acer,Nitro V 15,i7-13620h,16.0,512.0,1.0,Rtx 5060,Dedicated,,15.0,165.0,11500.0,478,Rabat,,,True,True,https://www.avito.ma/fr/yacoub_el_mansour/ordinateurs_portables/ACER_NITRO_V_15___i7_13ème___RTX_5060_58230494.htm,acer nitro v 15 i7 13ème rtx 5060 acer nitro v 15 processeur intel core i7 13620h,d6cb050c6fe124a2100e64df63b33e00,False
77489384,Msi,Cyborg 15,i7-12650h,16.0,1000.0,1.0,Rtx 4060,Dedicated,8.0,15.0,144.0,9000.0,483,Rabat,,,True,True,https://www.avito.ma/fr/yacoub_el_mansour/ordinateurs_portables/MSI_Cyborg_15___i7_12ème___RTX_4060_8_Go___144_Hz_58004746.htm,msi cyborg 15 i7 12ème rtx 4060 8 go 144 hz msi cyborg 15 processeur intel core i7,42007199cf165b4d71113f621b9a2ac4,False
77728261,Lenovo,V15,Ryzen 5 7520u,16.0,512.0,1.0,Amd Radeon 610m,Integrated,,15.0,,3700.0,247,Rabat,,,True,True,https://www.avito.ma/fr/yacoub_el_mansour/ordinateurs_portables/LENOVO_V15___Ryzen_5_7520U_58230489.htm,lenovo v15 ryzen 5 7520u lenovo v15 processeur amd ryzen 5 7520u ram 16 go ddr5 5500,67bff9dad3dc87c7ec88627e911aed5e,False
78217893,Hp,Elitebook 655 G10,Ryzen 7 7730u,32.0,512.0,1.0,Amd Radeon,Integrated,,,,5200.0,269,Rabat,,,True,True,https://www.avito.ma/fr/yacoub_el_mansour/ordinateurs_portables/HP_EliteBook_655_G10___Ryzen_7_7730U___32_RAM_58688599.htm,hp elitebook 655 g10 ryzen 7 7730u 32 ram hp elitebook 655 g10 processeur amd ryzen,71bc56124241e16546d555c68ed249dc,False
76922364,Dell,Pro 14,Core Ultra 7 255u,16.0,512.0,1.0,Intel Graphics,Integrated,,14.0,,6800.0,264,Rabat,,,True,True,https://www.avito.ma/fr/yacoub_el_mansour/ordinateurs_portables/DELL_PRO_14___Ultra_7_255U_57477619.htm,dell pro 14 ultra 7 255u dell pro 14 processeur intel core ultra 7 255u 14 cpus ram,d5bbe746e4fb1185d51c08a689f4d53e,False
78217890,Lenovo,Thinkpad T16 Gen2,i7-1355u,16.0,512.0,1.0,Intel Uhd Graphics,Integrated,,16.0,,5000.0,261,Rabat,,,True,True,https://www.avito.ma/fr/yacoub_el_mansour/ordinateurs_portables/LENOVO_Thinkpad_T16_Gen2___i7_13eme_génération_58688598.htm,lenovo thinkpad t16 gen2 i7 13eme génération lenovo thinkpad t16 gen2 processeur,70194765a649092b1972a2b5a7fc90a7,False
78217905,Hp,Elitebook 660 G11,Core Ultra 5 135u,32.0,512.0,1.0,Intel Graphics,Integrated,,,,6000.0,260,Rabat,,,True,True,https://www.avito.ma/fr/yacoub_el_mansour/ordinateurs_portables/HP_EliteBook_660_G11___Ultra_5_135U___32_RAM_58688604.htm,hp elitebook 660 g11 ultra 5 135u 32 ram hp elitebook 660 g11 processeur intel core,17aedef675022c8cfa83dddc0478ef23,False
78107068,Lenovo,Thinkpad L14 Gen5,Core Ultra 7 165u,32.0,512.0,1.0,Intel Graphics,Integrated,,14.0,,6800.0,280,Rabat,,,True,True,https://www.avito.ma/fr/yacoub_el_mansour/ordinateurs_portables/LENOVO_Thinkpad_L14_Gen5___Ultra_7_165U___32_RAM_58584079.htm,lenovo thinkpad l14 gen5 ultra 7 165u 32 ram lenovo thinkpad l14 gen5 processeur,5ac292155c85b9baaf3d1d17e2f29d0f,False
77711399,Hp,Elitebook 840 G8,i5-1145g7,16.0,512.0,1.0,Intel Iris Xe,Integrated,,,,3600.0,255,Rabat,,,True,True,https://www.avito.ma/fr/yacoub_el_mansour/ordinateurs_portables/HP_EliteBook_840_G8___Core_i5_11ème_génération_58214536.htm,hp elitebook 840 g8 core i5 11ème génération hp elitebook 840 g8 processeur core,23e5dbea2bf7d4111771693764359a79,False
78108238,Hp,Probook 450 G2,i5,8.0,128.0,1.0,,,,,,1500.0,154,Rabat,,,True,False,https://www.avito.ma/fr/autre_secteur/ordinateurs_portables/HP_ProBook_450_G2_I5_4ème_Gén_128SSD_8RAM_58584858.htm,hp probook 450 g2 i5 4ème gén 128ssd 8ram hp 450 g2 i5 4ème gén 128ssd 8ram,5b58e14501a490fd483a07677ea95f20,False
54792610,Apple,Macbook Air,M1,8.0,256.0,1.0,Apple M1,Integrated,,,,0.0,313,Marrakech,1.0,,True,False,https://www.avito.ma/fr/sakar/ordinateurs_portables/MacBook_Air_M1_42391538.htm,macbook air m1 macbook air m1 8 256 cycle 13 macbook air m2 8 512 mac air m2 16 1to,be9862f704979d6e53c182545e6c5276,False
78144270,Dell,Precision 7530,i7-8850h,32.0,512.0,1.0,Nvidia Quadro P20,Dedicated,,,,0.0,332,Casablanca,0.0,,True,False,https://www.avito.ma/fr/maarif/ordinateurs_portables/Workstation_DELL_PRECISION_7530___i7_8e_32Go_512Go_58618620.htm,workstation dell precision 7530 i7 8e 32go 512go pc portable workstation dell precision,ab1a54737c779dadfc657313e220da32,False
77472738,Dell,,i5,16.0,256.0,1.0,,,,,,2800.0,200,Rabat,,,True,False,https://www.avito.ma/fr/autre_secteur/ordinateurs_portables/DELL_I5_10ÈME_256SSD_16RAM_57989311.htm,dell i5 10ème 256ssd 16ram dell i5 10ème 256ssd 16ram,bd3792ae86791b72ad56b1285d54b0d5,False
77711408,Hp,Elitebook 640 G9,i5-1245u,16.0,512.0,1.0,Intel Uhd Graphics,Integrated,,,,3900.0,238,Rabat,,,True,True,https://www.avito.ma/fr/yacoub_el_mansour/ordinateurs_portables/HP_ELiteBook_640_G9___i5_12ème_58214537.htm,hp elitebook 640 g9 i5 12ème hp elitebook 640 g9 processeur intel core i5 1245u 12,f13e75ab9f2d3c1d5caab9f8a46604dd,False
77852232,Asus,V16,Core Ultra 7 240h,16.0,1000.0,1.0,Rtx 5060,Dedicated,,16.0,144.0,11700.0,437,Rabat,,,True,True,https://www.avito.ma/fr/yacoub_el_mansour/ordinateurs_portables/ASUS_V16___Core_7_240H___RTX_5060___144_Hz_58346111.htm,asus v16 core 7 240h rtx 5060 144 hz asus v16 processeur intel core ultra 7 240h,b558b483967aa5b1f9a682fccc7c0bc3,False
77082102,Asus,Zenbook 14 Oled,Ryzen 7 8840hs,16.0,1000.0,1.0,Amd Radeon 780m,Integrated,,14.0,,8600.0,297,Rabat,,,True,True,https://www.avito.ma/fr/yacoub_el_mansour/ordinateurs_portables/ASUS_ZenBook_14_OLED___Ryzen_7_8840HS___OLED_57625652.htm,asus zenbook 14 oled ryzen 7 8840hs oled asus zenbook 14 oled processeur amd ryzen,096449d579d3556ffa41b7950c296ecc,False
78298891,Dell,Latitude 5400,i5-8365u,8.0,256.0,1.0,,Integrated,,,,2500.0,160,Tétouan,,,False,False,https://www.avito.ma/fr/tétouan/ordinateurs_portables/Ordinateur_portable_Dell_5400_i5_8GB_256GB_pur_2500DH_58764923.htm,ordinateur portable dell 5400 i5 8gb 256gb pur 2500dh à vendre ordinateur portable,dedfa30b7e12b9889285e4199e337c8c,False
77852238,Msi,Katana 15 Hx,i7-14650hx,16.0,512.0,1.0,Rtx 5060,Dedicated,,15.0,144.0,12200.0,495,Rabat,,,True,True,https://www.avito.ma/fr/yacoub_el_mansour/ordinateurs_portables/MSI_Katana_15_HX___i7_14ème___RTX_5060_58346114.htm,msi katana 15 hx i7 14ème rtx 5060 msi katana 15 hx processeur intel core i7 14650hx,a1d6a4a637ed4236473df358ece4bb12,False
77149201,Hp,Zbook Power 16,Core Ultra 7 155h,32.0,1000.0,1.0,Nvidia Rtx 20 Ada,Dedicated,8.0,16.0,,11900.0,417,Rabat,,,True,True,https://www.avito.ma/fr/yacoub_el_mansour/ordinateurs_portables/HP_ZBook_Power_16___Ultra_7___RTX_2000_Ada_8_Go_57689779.htm,hp zbook power 16 ultra 7 rtx 20 ada 8 go hp zbook power 16 processeur intel core,f129e1a4bdf6abb10713fe28ba427537,False
78089226,Lenovo,Thinkpad T16 Gen3,Core Ultra 7 155u,16.0,512.0,1.0,Intel Graphics,Integrated,,16.0,,6800.0,260,Rabat,,,True,True,https://www.avito.ma/fr/yacoub_el_mansour/ordinateurs_portables/LENOVO_Thinkpad_T16_Gen3___Ultra_7_155U_58567036.htm,lenovo thinkpad t16 gen3 ultra 7 155u lenovo thinkpad t16 gen3 processeur intel core,fda577c0642ae87b67d0eaa1e204b47d,False
77487923,Hp,Omen 15,i7-10750h,16.0,1000.0,1.0,Rtx 3060,Dedicated,6.0,15.6,144.0,9190.0,449,Salé,0.0,,True,True,https://www.avito.ma/fr/sala_el_jadida/ordinateurs_portables/HP_OMEN_i7_10750H_RTX_3060_16Go_SSD_1T_58003563.htm,hp omen i7 10750h rtx 3060 16go ssd 1t intel core i7 10750h 10e génération offrant,c9e9b38b81fba6b1a948f0d47c0b13d2,False
77291821,Hp,Omen 16,i7-14650hx,32.0,1000.0,1.0,Rtx 5060,Dedicated,,16.0,144.0,13200.0,531,Rabat,,,True,True,https://www.avito.ma/fr/yacoub_el_mansour/ordinateurs_portables/HP_OMEN_16___i7_14ème___32_Go___RTX_5060_57822376.htm,hp omen 16 i7 14ème 32 go rtx 5060 hp omen 16 processeur intel core i7 14650hx 24,264ce4f0e04b6fedbe4548328f1c4034,False
77408374,Lenovo,Thinkpad L14 Gen6,Core Ultra 5 225u,16.0,512.0,1.0,Intel Graphics,Integrated,,14.0,,5500.0,265,Rabat,,,True,True,https://www.avito.ma/fr/yacoub_el_mansour/ordinateurs_portables/LENOVO_Thinkpad_L14_Gen6___Ultra_5_225U_57929877.htm,lenovo thinkpad l14 gen6 ultra 5 225u lenovo thinkpad l14 gen6 processeur intel core,8cb8cf2d4b4f84b3f50d8bb1e0fc442b,False
78184113,Asus,Tuf A15,i5-11400h,16.0,512.0,1.0,Intel Uhd Graphics,Integrated,,15.6,144.0,6000.0,288,Tanger,0.0,,True,False,https://www.avito.ma/fr/marjane/ordinateurs_portables/ASUS_TUF_A15_Core_i5_Gen_11_Ram_16GB_SSD_512GB_58656730.htm,asus tuf a15 core i5 gen 11 ram 16gb ssd 512gb planet computer met en vente un ordinateur,d192e4b0cac318b3436e2f27dbad3827,False
77489387,Msi,Cyborg 15,i7-13620h,16.0,512.0,1.0,Rtx 4060,Dedicated,,15.0,144.0,9400.0,467,Rabat,,,True,True,https://www.avito.ma/fr/yacoub_el_mansour/ordinateurs_portables/MSI_Cyborg_15___i7_13ème___RTX_4060___144_Hz_58004758.htm,msi cyborg 15 i7 13ème rtx 4060 144 hz msi cyborg 15 processeur intel core i7 13620h,2f1ad6d23bc01f7d6a56199a34a4b074,False
78071013,Lenovo,Thinkpad T14 Gen5,Core Ultra 5 135u,16.0,512.0,1.0,Intel Graphics,Integrated,,,,5600.0,242,Rabat,,,True,True,https://www.avito.ma/fr/yacoub_el_mansour/ordinateurs_portables/LENOVO_Thinkpad_T14_Gen5___Ultra_5_135U_58550216.htm,lenovo thinkpad t14 gen5 ultra 5 135u lenovo thinkpad t14 gen5 processeur intel core,24c9d6c827cddbdcceca130069a2dc2e,False
78071015,Hp,Omnibook 5 Oled,Core Ultra 7 255u,16.0,512.0,1.0,Intel Graphics,Integrated,,,,6600.0,244,Rabat,,,True,True,https://www.avito.ma/fr/yacoub_el_mansour/ordinateurs_portables/HP_OmniBook_5_OLED___Ultra_7_255U_58550215.htm,hp omnibook 5 oled ultra 7 255u hp omnibook 5 processeur intel core ultra 7 255u,12ffe3c77f2ed4b7cb898568aa85db05,False
78217898,Lenovo,Thinkpad X1 Extreme,i7-10750h,16.0,512.0,1.0,Gtx 1650 Ti Max Q Design,Dedicated,,,,5200.0,318,Rabat,,,True,True,https://www.avito.ma/fr/yacoub_el_mansour/ordinateurs_portables/LENOVO_Thinpad_X1_Extreme___i7_10ème___GTX_1650_Ti_58688655.htm,lenovo thinpad x1 extreme i7 10ème gtx 1650 ti lenovo thinpad x1 extreme processeur,68e191f52565cb5fcc76fc4b4dd27d3a,False
77852226,Msi,Cyborg 15,Core 7 240h,16.0,512.0,1.0,Rtx 5050,Dedicated,8.0,15.0,144.0,10800.0,495,Rabat,,,True,True,https://www.avito.ma/fr/yacoub_el_mansour/ordinateurs_portables/MSI_Cyborg_15___Core_7_240H___RTX_5050_8_Go_VRAM_58346109.htm,msi cyborg 15 core 7 240h rtx 5050 8 go vram msi cyborg 15 processeur intel core,ab15b0c28b23e8b61d46491b3d6c6de1,False
77731756,Lenovo,Thinkpad X13,i5,16.0,256.0,1.0,Intel Graphics,Integrated,,13.3,,3350.0,238,Salé,,1.0,True,True,https://www.avito.ma/fr/sala_el_jadida/ordinateurs_portables/Lenovo_ThinkPad_X13_i5_10e_16Go_256Go_Tactile_58233426.htm,lenovo thinkpad x13 i5 10e 16go 256go tactile pc portable professionnel compact léger,f32efe3bb0a2653717aba29bc4b6d511,False
78298771,Hp,Elitebook 850 G5,i5,,256.0,1.0,,,,,,2750.0,106,Tanger,0.0,,False,False,https://www.avito.ma/fr/marjane/ordinateurs_portables/HP_EliteBook_850_G5_et_G7_i5_et_i7_58764838.htm,hp elitebook 850 g5 et g7 i5 et i7 ordinateur portable hp probook 850 g5 et g7 en,af9ae60ac2c076c4711089466099bfaf,False
77443675,Dell,Precision 7560,i7-11850h,32.0,512.0,1.0,Nvidia Rtx A40,Dedicated,,15.6,,10499.0,399,Salé,,,True,True,https://www.avito.ma/fr/sala_el_jadida/ordinateurs_portables/Dell_Precision_7560_i7_11__Gen_RTX_A4000_57990950.htm,dell precision 7560 i7 11ᵉ gen rtx a40 intel core i7 11850h 11ᵉ génération 8 cœurs,03d0c111c2cfcf9b67029205c0a27a85,False
77443565,Hp,Zbook Power G11,Core Ultra 7 155h,32.0,1000.0,1.0,Nvidia Rtx 20 Ada,Dedicated,8.0,16.0,,16900.0,417,Salé,,,True,True,https://www.avito.ma/fr/sala_el_jadida/ordinateurs_portables/HP_ZBook_Power_G11_Ultra_7_32Go_1To_RTX_2000_Ada_57990958.htm,hp zbook power g11 ultra 7 32go 1to rtx 20 ada puissante station de travail mobile,caa4b15e29d82ae7999c72225a625155,False
77806165,Apple,Macbook Pro 14,M4 Pro,24.0,1000.0,1.0,Apple M4 Pro,Integrated,,14.2,,24000.0,441,Tanger,1.0,,True,False,https://www.avito.ma/fr/marjane/ordinateurs_portables/Nouvel_Apple_MacBook_Pro_14_Puce_M4_Pro_24Go_SSD_1To_58302985.htm,nouvel apple macbook pro 14 puce m4 pro 24go ssd 1to planet computer met en vente,b75bbd28ad3426a719557472fc583536,False
78298596,Dell,Xps 13 9310 2-In-1,i5,8.0,256.0,1.0,,,,13.0,,4300.0,176,Fès,,,False,False,https://www.avito.ma/fr/fès/ordinateurs_portables/PC_Dell_XPS_13_9310_2_en_1_58764666.htm,pc dell xps 13 9310 2 en 1 je vends un pc dell xps 13 9310 2 en 1 i5 11ème génération,b90a8f25cae99d8b35d8d2dccd8d59e5,False
77489398,Hp,Elitebook 840 G7,i5-10210u,8.0,256.0,1.0,Intel Uhd Graphics,Integrated,,14.0,,2890.0,198,Tanger,,,True,True,https://www.avito.ma/fr/autre_secteur/ordinateurs_portables/HP_EliteBook_840_G7_Intel_Core_i5_10ème_Gén_8G_256G_58004772.htm,hp elitebook 840 g7 intel core i5 10ème gén 8g 256g processeur intel core i5 10210u,c183daf6d1e80d88f93b67edefad8363,False
77501527,Lenovo,Thinkpad X13 Slim,i5,16.0,256.0,1.0,Intel Uhd Graphics,Integrated,,13.3,,3199.0,243,Salé,,1.0,True,True,https://www.avito.ma/fr/sala_el_jadida/ordinateurs_portables/Lenovo_X13_Slim_i5_10ème_Gén_16G_256G_TACTILE_58016221.htm,lenovo x13 slim i5 10ème gén 16g 256g tactile intel core i5 10ᵉ génération performance,d836a5d9ec8da59e2c827bed845b81ad,False
77502204,Hp,Elitebook 830 G9,i5-1235u,16.0,256.0,1.0,Intel Iris Xe Graphics,Integrated,,13.3,,3999.0,271,Tanger,,1.0,True,True,https://www.avito.ma/fr/autre_secteur/ordinateurs_portables/HP_EliteBook_830_G9_I5_12ème_Gén_16G_256_G_SSD_TACTILE_58016778.htm,hp elitebook 830 g9 i5 12ème gén 16g 256 g ssd tactile processeur intel core i5 1235u,2cfd1836742da15d4b625a8c1b643039,False
78298557,Lenovo,Thinkpad P14s Gen 2i,i7-1165g7,32.0,1000.0,1.0,Nvidia T500,Dedicated,4.0,,,6500.0,246,Salé,,,False,False,https://www.avito.ma/fr/hay_chmaou/ordinateurs_portables/Vente_Hay_Chma3o_58764626.htm,vente hay chma3o lenovo thinkpad p14s gen 2i processeur intel core i7 1165g7 ram,fe4fa8bcff6b82cc2a755b59ca9d2c4f,False
77443615,Dell,Precision 5570,i7,16.0,1000.0,1.0,Nvidia Rtx A20,Dedicated,8.0,15.6,,11490.0,380,Salé,,,True,True,https://www.avito.ma/fr/sala_el_jadida/ordinateurs_portables/Dell_Precision_5570_i7_12__Gen_RTX_A2000_8G_Vram_57990955.htm,dell precision 5570 i7 12ᵉ gen rtx a20 8g vram intel core i7 12ᵉ génération ultra,690afeb8f7be29516d0d3f0504514883,False
77175422,Hp,Elitebook 830 G8,i5-1145g7,32.0,512.0,1.0,Intel Iris Xe Graphics,Integrated,,13.3,,4200.0,278,Casablanca,0.0,,True,False,https://www.avito.ma/fr/ain_sebaa/ordinateurs_portables/HP_EliteBook_830_G8_I5_1145G7_32go__512_ssd_57714455.htm,hp elitebook 830 g8 i5 1145g7 32go 512 ssd le magasin.ma met a votre disposition,43d19fae1b3188a7b1942eb1cd232925,False
78246688,Hp,Elitebook,i5,8.0,256.0,1.0,,,,,,3000.0,166,Rabat,,,True,False,https://www.avito.ma/fr/autre_secteur/ordinateurs_portables/hp_elitebook_i5_10eme_8g_ram_256_ssd_58715779.htm,hp elitebook i5 10eme 8g ram 256 ssd à vendre ordinateur portable hp elitebook performant.,443b5fa613bd4c4b18b440c75fa5af3a,False
75920322,Samsung,Galaxy Book 4 Pro X360,i7,16.0,512.0,1.0,Intel Arc Graphics,Integrated,,16.0,,7700.0,260,Rabat,,1.0,True,True,https://www.avito.ma/fr/les_orangers/ordinateurs_portables/SAMSUNG_Galaxy_Book_Pro_X360___Core_I7_12e___16Go_56588009.htm,samsung galaxy book pro x360 core i7 12e 16go samsung galaxybook 4 pro x360 cpu intel,2e1fc5259aa088d9af8e22761f3d0262,False
77943279,Lenovo,Ideapad,i5,8.0,256.0,1.0,,,,,,2300.0,166,Temara,,,True,False,https://www.avito.ma/fr/autre_secteur/ordinateurs_portables/Lenovo_Ideapad_i5_8ème_Gén_256SSD_8RAM_58431481.htm,lenovo ideapad i5 8ème gén 256ssd 8ram lenovo ideapad i5 8ème gén 256ssd 8ram,e950b4068a5f905c16b953d46b70ed32,False
72418689,Dell,Xps 13 9305,i7-1165g7,8.0,512.0,1.0,Intel Iris Xe,Integrated,,13.3,,9500.0,312,Casablanca,1.0,,True,False,https://www.avito.ma/fr/maarif/ordinateurs_portables/Dell_XPS_13_9305_i7_1165G7_4_70GHz_512Gb_SSD_NVMe_53903894.htm,dell xps 13 9305 i7 1165g7 4.70ghz 512gb ssd nvme dell xps 13 9305 état neuf processeur,aee7af483d246dbe06c2e86038fe2033,False
78298331,Asus,Tuf Dash F15,i7-11800h,8.0,512.0,1.0,Intel Iris Xe,Integrated,,15.6,144.0,1900.0,290,Tanger,,,False,False,https://www.avito.ma/fr/ahlane/ordinateurs_portables/Gaming_ASUS_DASH_TUF_F15_i7_11800H_144Hz_58764340.htm,gaming asus dash tuf f15 i7 11800h 144hz . batterie et carte graphique nvidia rtx,88ac63ed8aa2575f7e75e7d7fc3c1e39,False
77928283,Hp,Zbook,i7-6700hq,16.0,256.0,1.0,Nvidia Quadro M20m,Dedicated,,,,3000.0,295,Temara,,,True,False,https://www.avito.ma/fr/autre_secteur/ordinateurs_portables/HP_ZBook_i7_6ème_Gén_Double_Graphique_16RAM_256SSD_58417287.htm,hp zbook i7 6ème gén double graphique 16ram 256ssd processeur intel core i7 6700hq,5ef5a0b0c9d55f7f91c5413eef8b827a,False
78298242,Lenovo,Thinkpad T460,i3-6100u,8.0,128.0,1.0,Intel Hd Graphics 520,Integrated,,14.0,,1500.0,173,Casablanca,0.0,,False,False,https://www.avito.ma/fr/sidi_moumen/ordinateurs_portables/Lenovo_Thinkpad_6ème_génération_RAM_8_disque_SSD_batterie____6h_58764274.htm,lenovo thinkpad 6ème génération ram 8 disque ssd batterie 6h lenovo thinkpad 6ème,f21c03f96c3f2a7358da7daa736aa3d2,False
78298221,Hp,,i7-8565,8.0,256.0,1.0,Intel Uhd Graphics 620,Integrated,,15.0,,1900.0,193,Casablanca,0.0,,False,False,https://www.avito.ma/fr/sidi_moumen/ordinateurs_portables/HP_i7_8e_génération_RAM_8_Go_disque_256_Go_SSD_écran_15_pouces_58764263.htm,hp i7 8e génération ram 8 go disque 256 go ssd écran 15 pouces hp i7 8e génération,1dfbe3b1de7635458d4630c0511e2c17,False
78298206,Dell,Latitude 3500,i5-8265u,8.0,128.0,1.0,Intel Uhd Graphics 620,Integrated,,15.0,,1800.0,180,Casablanca,0.0,,False,False,https://www.avito.ma/fr/sidi_moumen/ordinateurs_portables/dell_i5_8eme_Ram_8_disc_SSD_écran_15_58764258.htm,dell i5 8eme ram 8 disc ssd écran 15 dell latitude 3500 i5 8génération très bon état,bf55e152447fb8f4af29fa96115bcab3,False
78001316,Hp,Elitebook 640 G9,i5-1235u,16.0,512.0,1.0,Intel Iris Xe Graphics,Integrated,,14.0,,4200.0,278,Casablanca,0.0,,True,False,https://www.avito.ma/fr/autre_secteur/ordinateurs_portables/HP_EliteBook_640_G9___i5_1235U_16Go_512Go_14pouces_58485935.htm,hp elitebook 640 g9 i5 1235u 16go 512go 14pouces cpu intel core i5 1235u 10 cores,6673eb16da8257da7159d3f581ba6a50,False
75261494,Acer,Nitro 16,Ryzen 9 8945hs,16.0,1000.0,1.0,Rtx 4070,Dedicated,8.0,16.0,180.0,16500.0,618,Tanger,1.0,,True,False,https://www.avito.ma/fr/marjane/ordinateurs_portables/Acer_Nitro_16_R9_8945HS___16GB___1TB___RTX_4070_8GB_56043019.htm,acer nitro 16 r9 8945hs 16gb 1tb rtx 4070 8gb planet computer met en vente un laptop,d4a15145338f0bcbf945e9252fa38a55,False
77506649,Hp,Elitebook 855 G8,Ryzen 5 Pro 5650u,8.0,256.0,1.0,Amd Radeon,Integrated,,15.6,,3490.0,218,Salé,,,True,True,https://www.avito.ma/fr/sala_el_jadida/ordinateurs_portables/HP_EliteBook_855_G8_Ryzen_5_PRO_5650U_8_256Go_58021221.htm,hp elitebook 855 g8 ryzen 5 pro 5650u 8 256go hp elitebook 855 g8 ultrabook professionnel,459a0374251c154701689618484f5f68,False
76314233,Lenovo,Thinkpad P16 Gen 1,i7-12800hx,32.0,1000.0,1.0,Nvidia Rtx A20,Dedicated,8.0,16.0,,11500.0,444,Casablanca,,,True,False,https://www.avito.ma/fr/maarif/ordinateurs_portables/Lenovo_Thinkpad_P16_Gen_1_56936977.htm,lenovo thinkpad p16 gen 1 intel core i7 12800hx max turbo 4.80ghz 24 cpu 12ème gen,2e82efd55079d0910c4ed73eb919d8de,False
77232521,Apple,Macbook Air 15,M2,8.0,256.0,1.0,Apple M2,Integrated,,15.3,,8500.0,270,Casablanca,0.0,,True,False,https://www.avito.ma/fr/ain_sebaa/ordinateurs_portables/MacBook_Air_15_M2_8Go_256Go_ssd_AZERTY_57767647.htm,macbook air 15 m2 8go 256go ssd azerty le magasin.ma met à votre disposition macbook,4b4478e8d6d46c5e62a8dccb3a824e9f,False
77204153,Apple,Macbook Pro,M1 Pro,32.0,512.0,1.0,Apple M1 Pro,Integrated,,14.2,,12500.0,327,Casablanca,0.0,,True,False,https://www.avito.ma/fr/ain_sebaa/ordinateurs_portables/MacBook_Pro_M1_pro_32Go_512Go_ssd_officiel_57741411.htm,macbook pro m1 pro 32go 512go ssd officiel le magasin.ma met à votre disposition,454cbc113628c69d34784c29556cd718,False
77224289,Hp,Omnibook 7,Core Ultra 7 256v,16.0,1000.0,1.0,Intel Arc 140,Integrated,8.0,17.3,,9500.0,296,Casablanca,0.0,1.0,True,False,https://www.avito.ma/fr/ain_sebaa/ordinateurs_portables/HP_OmniBook_7_Ultra_7_256v_16Go_1Terra_Tactile_57759973.htm,hp omnibook 7 ultra 7 256v 16go 1terra tactile le magasin.ma met a votre disposition,934b2420b4076d7d27de911b0e65a038,False
75126355,Hp,Elitebook 840 G6,i5-8th Gen,16.0,256.0,1.0,,Integrated,,14.0,,2900.0,201,Rabat,,,True,False,https://www.avito.ma/fr/autre_secteur/ordinateurs_portables/HP_840_G6_i5_8eme_16g_RAM_256_SSD_55932706.htm,hp 840 g6 i5 8eme 16g ram 256 ssd hp elitebook 840 g6 écran 14 pouces intel core,93e7f560376f06575a0335077affa8f8,False
77716702,Hp,15 Fd0482no,Core Ultra 7 150u,16.0,512.0,1.0,Intel Graphics,Integrated,,15.6,,9990.0,304,Rabat,1.0,,True,False,https://www.avito.ma/fr/hassan/ordinateurs_portables/Ordinateur_portable_HP_15_Core_7_16Go_SSD_58219584.htm,ordinateur portable hp 15 core 7 16go ssd ordinateur portable hp 15 fd0482no de la,ad20888a074cdea1b4fa24381f016e4f,False
78262788,Dell,Latitude 7450,Core Ultra 7 165u,32.0,512.0,1.0,Intel Arc Graphics,Integrated,,14.0,,6800.0,280,Salé,0.0,,False,False,https://www.avito.ma/fr/hay_chmaou/ordinateurs_portables/Vente_quartier_Chmaaou_58730460.htm,vente quartier chmaaou dell latitude 7450 intel core ultra 7 165u 32 go ram 512 go,5edd3a07396e140720365901846487f2,False
78262546,Hp,Elitebook X360 1040,i7-11th Gen,16.0,512.0,1.0,,Integrated,,,,5000.0,208,Kénitra,,1.0,False,False,https://www.avito.ma/fr/kénitra/ordinateurs_portables/hp_elitebook_x360__58730346.htm,hp elitebook x360 hp elitebook x360 1040 11th i7 16 ram 512 ssd garantie pour plus,297a57f9b5a0c4e312609e4fe495969b,False
77708924,Msi,Cyborg 15 A13ve 26xma,i7-13620h,16.0,512.0,1.0,Rtx 4050,Dedicated,6.0,15.6,144.0,12290.0,537,Salé,1.0,,True,False,https://www.avito.ma/fr/sala_el_jadida/ordinateurs_portables/MSI_Cyborg_15_i7_RTX_4050_16Go_58211991.htm,msi cyborg 15 i7 rtx 4050 16go msi cyborg 15 a13ve 26xma de la marque msi processeur,65532820a2428701360809230d067730,False
78262691,Apple,Macbook Pro 13 2018,i7,16.0,1000.0,1.0,,Integrated,,13.0,,0.0,241,Temara,0.0,,False,False,https://www.avito.ma/fr/wifak/ordinateurs_portables/MacBook_Pro_13_2018_Touch_Bar_58730308.htm,macbook pro 13 2018 touch bar macbook pro 13 pouces touch bar 2018 i7 2.7ghz 16go,f1b81ab32a452c0e4328048337e892fa,False
78262634,Apple,Macbook Pro 13 Fin 2011,i7,8.0,1262.0,1.0,,Integrated,,13.0,,0.0,211,Temara,0.0,,False,False,https://www.avito.ma/fr/wifak/ordinateurs_portables/macbook_pro_13_i7_fin_2011_58730247.htm,macbook pro 13 i7 fin 2011 je mets en vente macbook pro en tres bonne etat macbook,8bdeb2e42e74ac20705fe30a8ea1992e,False
78262410,Lenovo,Loq 15 Arp9,Ryzen 7 7435hx,24.0,512.0,1.0,Rtx 4070,Dedicated,8.0,15.5,144.0,12000.0,467,Agadir,,,False,False,https://www.avito.ma/fr/hay_salam/ordinateurs_portables/Lenovo_RTX_4070_24_Go_512_Go_58730116.htm,lenovo rtx 4070 24 go 512 go lenovo loq 15 arp9 ryzen 7 7435hx jusqu à 4.50 ghz 16,581f9a788fee1874d0de8bd85366b328,False
78262385,Hp,Elitebook 6 G1i 14,Core Ultra 5 235u,16.0,1000.0,1.0,,Integrated,,14.0,,6500.0,341,Casablanca,1.0,,False,False,https://www.avito.ma/fr/oulfa/ordinateurs_portables/HP_Elitebook_6_G1i_14_Ultra_5_235U_jamais_activé_58730098.htm,hp elitebook 6 g1i 14 ultra 5 235u jamais activé hp elitebook 6 g1i 14 neuf processeur,be21351284239144c242b0abcfcebb8d,False
78262331,Hp,,i7-8565u,8.0,256.0,1.0,Intel Uhd Graphics 620,Integrated,,15.0,,1900.0,193,Casablanca,0.0,,False,False,https://www.avito.ma/fr/sidi_moumen/ordinateurs_portables/HP_i7_8e_génération_RAM_8_Go_disque_256_Go_SSD_écran_15_pouces_58730084.htm,hp i7 8e génération ram 8 go disque 256 go ssd écran 15 pouces hp i7 8e génération,1dfbe3b1de7635458d4630c0511e2c17,False
78262312,Hp,Elitebook 8 G1i,Core Ultra 5 226v,16.0,512.0,1.0,,Integrated,,,,6500.0,311,Casablanca,1.0,,False,False,https://www.avito.ma/fr/centre_ville/ordinateurs_portables/HP_Elitebook_8_G1i_Ultra_5_226V_jamais_utilisè_58730057.htm,hp elitebook 8 g1i ultra 5 226v jamais utilisè hp elitebook 8 g1i neuf processeur,606f59e7c486ffd755e8e20c60286565,False
78262300,Hp,Elitebook 8 G1i,Core Ultra 5 235u,16.0,1000.0,1.0,,Integrated,,,,6400.0,321,Casablanca,1.0,,False,False,https://www.avito.ma/fr/centre_ville/ordinateurs_portables/HP_Elitebook_6_G1i_Ultra_5_235U_jamais_utilisé_58730038.htm,hp elitebook 6 g1i ultra 5 235u jamais utilisé hp elitebook 8 g1i neuf processeur,09c91d6090247f744b1b113ddac9e264,False
78262208,Acer,Aspire A315 55,i5-10210u,8.0,512.0,1.0,Geforce Mx230,Dedicated,2.0,15.6,60.0,2200.0,251,Casablanca,0.0,,False,False,https://www.avito.ma/fr/al_fida/ordinateurs_portables/acer_Aspire_3_Core_i5_10ème_gen_8_500Go_58729946.htm,acer aspire 3 core i5 10ème gen 8 500go acer aspire a315 55 15 6 pouces intel r core,e73c712fb433ba3bd3fb3576ff2dc5d0,False
78262119,Apple,Macbook Pro,i5,8.0,128.0,1.0,Intel Hd Graphics 4000,Integrated,,13.3,,1400.0,181,Casablanca,0.0,,False,False,https://www.avito.ma/fr/sidi_moumen/ordinateurs_portables/MacBook_i5_pro_Ram_8_disque_SSD_batterie_5h_58729879.htm,macbook i5 pro ram 8 disque ssd batterie 5h macbook pro écran 13.3 processeur intel,a4af01076219e87614c24207c5726b2e,False
78262071,Lenovo,,i3-6006u,8.0,128.0,1.0,Intel Hd Graphics 520,Integrated,,15.0,,1400.0,168,Casablanca,0.0,,False,False,https://www.avito.ma/fr/sidi_moumen/ordinateurs_portables/Lenovo_6ème_Génération_RAM_8_Disque_SSD_Écran_15_58729860.htm,lenovo 6ème génération ram 8 disque ssd écran 15 lenovo 6ème génération importé d,8c7998443ea9eea6e7db38347c0cdc18,False
78262058,Hp,,i5-6200u,12.0,128.0,1.0,Radeon R5 M3300,Dedicated,,15.0,,1700.0,195,Casablanca,0.0,,False,False,https://www.avito.ma/fr/sidi_moumen/ordinateurs_portables/HP_i5_6ème_génération_double_graphique_Ram_8_disque_SSD_58729855.htm,hp i5 6ème génération double graphique ram 8 disque ssd hp i5 6ème génération double,c9294c9a21c8923dad37bbc65ed64a8a,False
78261669,Asus,Vivobook 15,i5-1035g1,8.0,,,Intel Uhd Graphics,Integrated,,15.6,,2000.0,174,Casablanca,,,False,False,https://www.avito.ma/fr/casablanca/ordinateurs_portables/ASUS_VivoBook_15_58729556.htm,asus vivobook 15 processeur intel core i5 1035g1 10ème génération ram 8 gb système,915010142662c8b04854e1e7be6bbf22,False
78261313,Hp,Elitebook 840 G8,i5-11th Gen,16.0,256.0,1.0,,Integrated,,,,3100.0,181,Tétouan,,,False,False,https://www.avito.ma/fr/tétouan/ordinateurs_portables/Hp_Elitbook_840_G8_58729528.htm,hp elitbook 840 g8 hp elitbook 840 g8 i5 11ème génération 16 go ram 256 go nvme batterie,fa8af105193229d32b2224f2a63a70d4,False
77392166,Dell,Xps 16,Core Ultra 9 285h,32.0,1000.0,1.0,Rtx 5060,Dedicated,8.0,16.0,,29900.0,528,Tanger,,1.0,True,False,https://www.avito.ma/fr/centre_ville/ordinateurs_portables/Dell_XPS_16_Premium_RTX_5060_Écran_4K_Tactile_57914862.htm,dell xps 16 premium rtx 5060 écran 4k tactile nous mettons en vente un ultrabook,1cc7e2311b8b0e3bc6ba79e45167e10e,False
78261319,Dell,,i5-6th Gen,8.0,256.0,1.0,,Integrated,,,,1600.0,147,Oujda,,,False,False,https://www.avito.ma/fr/route_jerada/ordinateurs_portables/PC_Dell_i5_58729325.htm,pc dell i5 i5 6ème génération 8g ram 256g ssd excellente batterie chargeur original,3b858e312c4749d49085b482447dab2c,False
78261190,Dell,Precision 5680,i9-13900h,64.0,1000.0,1.0,Rtx 20 Ada Generation,Dedicated,8.0,16.0,,15900.0,431,Agadir,,,False,False,https://www.avito.ma/fr/hay_qods/ordinateurs_portables/Dell_Precision_5680__RTX_2000_Ada_8GB_Vram_58729243.htm,dell precision 5680 rtx 20 ada 8gb vram dell precision 5680 workstation processeur,80a592102338226022e1089a1b76d5cc,False
77391456,Dell,Latitude 7320,i7-1180g7,16.0,256.0,1.0,Intel Iris Xe Graphics,Integrated,,13.3,,7900.0,245,Bouskoura,0.0,,True,False,https://www.avito.ma/fr/bouskoura_centre/ordinateurs_portables/___Dell_Latitude_7320_Reconditionné_16Go_SSD_256Go_57914203.htm,dell latitude 7320 reconditionné 16go ssd 256go état remis à neuf format compact,685f691079e81ad871fe7a9da6b251e4,False
77195021,Lenovo,Thinkpad E14 Gen 7,Ultra 7 255h,16.0,512.0,1.0,Intel Arc Graphics,Integrated,,14.0,,13390.0,371,Agadir,1.0,,True,False,https://www.avito.ma/fr/al_wifaq/ordinateurs_portables/Lenovo_ThinkPad_E14_Gen_7_Ultra_7_57732839.htm,lenovo thinkpad e14 gen 7 ultra 7 modèle lenovo thinkpad e14 gen 7 de la marque lenovo,83dc9f106e47227743e89ccf8d7ab841,False
78260892,Hp,Pavilion Gaming Laptop 15 Dk0x,i5-9300h,8.0,500.0,1.0,,,,15.0,,3900.0,190,Casablanca,,,False,False,https://www.avito.ma/fr/sbata/ordinateurs_portables/PC_Portable_Gamer_HP_Pavilion_15_58728943.htm,pc portable gamer hp pavilion 15 modèle hp pavilion gaming laptop 15 dk0x processeur,8afad465c706108ff516836b7cd6c1d9,False
78260134,Msi,Katana 17 B13vek,i7-13620h,32.0,1000.0,1.0,Rtx 4050,Dedicated,6.0,,,11990.0,520,Marrakech,1.0,,True,False,https://www.avito.ma/fr/guéliz/ordinateurs_portables/___MSI_Katana_17_B13V_Gaming_58728808.htm,msi katana 17 b13v gaming msi katana 17 b13vek pc portable gaming équipé d un processeur,56ab19d1ff3c5bcbfb22e185aa8cca6a,False
78260072,Lenovo,Thinkpad P16v Gen 3,Core Ultra 9 285h,96.0,1000.0,1.0,Rtx Pro 10 Blackwell,Dedicated,8.0,16.0,,65900.0,538,Temara,1.0,,True,False,https://www.avito.ma/fr/centre_ville/ordinateurs_portables/Lenovo_ThinkPad_P16v_Gen_3___Ultra_9_285H_58728774.htm,lenovo thinkpad p16v gen 3 ultra 9 285h lenovo thinkpad p16v gen 3 station de travail,f2d6c1c13461293a1bd808f963aeefdf,False
78154694,Apple,Macbook Pro 13 2020,M1,8.0,256.0,1.0,,Integrated,,13.0,,5500.0,198,Salé,0.0,,False,False,https://www.avito.ma/fr/hay_chmaou/ordinateurs_portables/MacBook_Pro_M1_13_pouces_58624772.htm,macbook pro m1 13 pouces je vends mon macbook pro touchbar azerty 13 pouces fin 2020,b13e7ce90c6f6e79b17823b511de8b99,False
78260739,Dell,Pro 14,Core Ultra 7 255u,16.0,512.0,1.0,,Integrated,,14.0,,9999.0,252,Casablanca,,,False,False,https://www.avito.ma/fr/casablanca/ordinateurs_portables/Ordinateur_portable_Dell_Pro_14_58728748.htm,ordinateur portable dell pro 14 pc portable professionnel 14 pour le travail au quotidien,e6959576d5b5e761ccaacc59239e1717,False
78260602,Dell,Latitude 3420,i5-1135g7,8.0,256.0,1.0,Intel Iris Xe Graphics,Integrated,,,,2650.0,205,Tiznit,0.0,,False,False,https://www.avito.ma/fr/tiznit/ordinateurs_portables/PC_portable_Dell_Latitude_3420_58728639.htm,pc portable dell latitude 3420 à vendre un ordinateur portable dell latitude 3420,64be9d01addaca5fb6aff76e9d8d4946,False
78260440,Asus,Tuf Gaming F15,i7-11800h,16.0,512.0,1.0,Rtx 3050,Dedicated,4.0,15.6,144.0,7500.0,408,Casablanca,0.0,,False,False,https://www.avito.ma/fr/casablanca/ordinateurs_portables/Asus_TUF_F15_58728573.htm,asus tuf f15 asus tuf gaming f15 i7 11ème gén rtx 3050 144hz excellent état processeur,5dc9ce75c315501734277e612b91d840,False
78260143,Dell,Latitude 5400,i7-8665u,16.0,256.0,1.0,Intel Uhd Graphics 620,Integrated,,14.0,,3200.0,232,Rabat,0.0,,False,False,https://www.avito.ma/fr/rabat/ordinateurs_portables/Dell_Latitude_5400_i7_8665U___16_Go_RAM___256_Go_58728379.htm,dell latitude 5400 i7 8665u 16 go ram 256 go dell latitude 5400 intel core i7 8ème,9cc7bf81601a0a16f3169581b8598495,False
78260111,Microsoft,Surface Laptop 15 7e Édition,Core Ultra 7 268v,32.0,512.0,1.0,Intel Arc Graphics,Integrated,,15.0,120.0,18600.0,391,Casablanca,1.0,1.0,True,False,https://www.avito.ma/fr/maarif/ordinateurs_portables/Surface_Laptop_15_pouces_7e_édition_58728359.htm,surface laptop 15 pouces 7e édition surface laptop 15 pouces 7e édition surface laptop,3f569a9475b52f254237861dedce82b7,False
78075611,Acer,Nitro Gaming,i7-12650h,16.0,512.0,1.0,Rtx 4060,Dedicated,8.0,15.6,144.0,0.0,474,Safi,0.0,,True,False,https://www.avito.ma/fr/jerifat/ordinateurs_portables/Nitro_Gaming_Rtx_4060_i7_12650H_16Go_Ram_512G_58728342.htm,nitro gaming rtx 4060 i7 12650h 16go ram 512g nitro gaming nvidia rtx 4060 8go vram,6b250dede7b7cb323bf775951436d3bc,False
78075619,Lenovo,Yoga Slim 7 Oled,Ryzen Ai 7 350,32.0,512.0,1.0,Amd Radeon 860 Graphics,Integrated,,14.0,,0.0,320,Safi,0.0,1.0,True,False,https://www.avito.ma/fr/jerifat/ordinateurs_portables/Lenovo_Yoga_Slim_7_OLED_Ryzen__AI_7_350_32GB_512GB_58728341.htm,lenovo yoga slim 7 oled ryzen ai 7 350 32gb 512gb lenovo yoga slim 7 oled 2026 avec,0c39c3eb27ceda42ad65cf1323cb53b8,False
78089259,Asus,Rog Strix G18,i9-14900hx,32.0,1000.0,1.0,Rtx 4070,Dedicated,,18.0,240.0,0.0,580,Safi,0.0,,True,False,https://www.avito.ma/fr/jerifat/ordinateurs_portables/Asus_Rog_Strix_G18_i9_14900HX_32GB_1TB_Rtx_4070_58728340.htm,asus rog strix g18 i9 14900hx 32gb 1tb rtx 4070 1 asus rog strix g18 intel core i9,56547f1d42d5127e1921d7abe62c1e4a,False
78259961,Dell,Latitude 5440,i5-1335u,8.0,512.0,1.0,Intel Uhd Graphics,Integrated,,14.0,,3600.0,227,Casablanca,0.0,,False,False,https://www.avito.ma/fr/casablanca/ordinateurs_portables/Dell_Latitude_5440___Prix_négociable_58728242.htm,dell latitude 5440 je mets en vente mon dell latitude 5440 un ordinateur portable,370259e0a73d0d790eb8bd6898f47d52,False
77651213,Msi,Prestige 13 Ai Plus A3mg 003ma,Core Ultra 7 355h,32.0,1000.0,1.0,Intel Arc Graphics,Integrated,,13.3,,17190.0,324,Rabat,1.0,,True,False,https://www.avito.ma/fr/agdal/ordinateurs_portables/MSI_Prestige_13_AI_Plus_Ultra_7_32Go_58157465.htm,msi prestige 13 ai plus ultra 7 32go msi prestige 13 ai plus a3mg 003ma de la marque,109ff6ee6815c648d7f0e799aa15e6d7,False
76546532,Hp,Omen Max 16 16 Ah0016ns,Core Ultra 9 275hx,64.0,2000.0,1.0,Rtx 5080,Dedicated,16.0,16.0,165.0,34000.0,736,Tanger,1.0,,True,False,https://www.avito.ma/fr/achakar/ordinateurs_portables/PC_Gamer_OMEN_MAX_16_RTX_5080_57140689.htm,pc gamer omen max 16 rtx 5080 modèle omen max 16 16 ah0016ns processeur intel core,eabc83d7021ea702c360360f280d49bf,False
78259510,Hp,Omen Max 16 16 Ah0016ns,Core Ultra 9 275hx,64.0,2000.0,1.0,Rtx 5080,Dedicated,16.0,16.0,240.0,34000.0,746,Meknès,1.0,,True,False,https://www.avito.ma/fr/bele_vue/ordinateurs_portables/OMEN_MAX_16_Ultra_9_RTX_5080_Gaming_Laptop_58727940.htm,omen max 16 ultra 9 rtx 5080 gaming laptop omen max 16 gaming laptop hp omen max,e6e9a5a9b87a87d8ef6b0fd7ce860c72,False
78259620,Hp,Elitebook 830 G5,i7-8650u,16.0,512.0,1.0,Intel Uhd Graphics,Integrated,,13.3,,2800.0,234,Casablanca,0.0,,False,False,https://www.avito.ma/fr/sidi_maarouf/ordinateurs_portables/HP_ELITE_BOOK_2026_58727962.htm,hp elite book 2026 hp elitebook 830 g5 ultrabook pro élégant un laptop léger rapide,8f6219abd75655dffaa888272ea10ec6,False
78259614,Hp,Elitebook X360 830 G7,i5-10th Gen,8.0,256.0,1.0,,Integrated,,,,3000.0,162,Tanger,,1.0,False,False,https://www.avito.ma/fr/ahlane/ordinateurs_portables/Ordinateur_portable_HP_Elitebook_x360_830_G7_58727871.htm,ordinateur portable hp elitebook x360 830 g7 8 go de ram 256 go ssd i5 10e gén,bb1a947bd11a828e0760fd0913da006d,False
77730362,Hp,Elitebook 840 G8,i5-1135g7,16.0,256.0,1.0,Intel Iris Xe Graphics,Integrated,,14.0,,3699.0,259,Rabat,0.0,,True,False,https://www.avito.ma/fr/hassan/ordinateurs_portables/HP_EliteBook_840_G8_i5_16Go_SSD_Reconditionné_58232130.htm,hp elitebook 840 g8 i5 16go ssd reconditionné description nous mettons en vente le,671baac9876e5d229c497d861f0bc74f,False
78258297,Hp,Elitebook 840 G9 14,i5-1235u,16.0,,,,Integrated,,14.0,,5000.0,204,Oujda,0.0,,False,False,https://www.avito.ma/fr/oujda/ordinateurs_portables/HP_EliteBook_840_G9___14__58727664.htm,hp elitebook 840 g9 14 hp elitebook 840 g9 14 à vendre hp elitebook 840 g9 en bon,a8cbffa9d2d9fb976a77dad140a8efa3,False
78259446,Hp,Elitebook,i7-7th Gen,8.0,256.0,1.0,,Integrated,,,,2000.0,147,Temara,0.0,,False,False,https://www.avito.ma/fr/temara/ordinateurs_portables/HP_EliteBook_Core_i7___7ème_Gén___RAM_8_Go___256_SSD_58727624.htm,hp elitebook core i7 7ème gén ram 8 go 256 ssd à vendre ordinateur portable hp elitebook,5859be49ed69ffa5d3789908b584e472,False
78258995,Wipemik,,N4120,16.0,512.0,1.0,Intel Uhd Graphics,Integrated,,14.0,,2500.0,314,Marrakech,1.0,,False,False,https://www.avito.ma/fr/guéliz/ordinateurs_portables/Ordinateur_portable_SSD_512_Go__RAM_16_Go_58727546.htm,ordinateur portable ssd 512 go ram 16 go pc portable wipemik importé des états unis,8d89cfd518f5555f56ec90c0e766dc8b,False
77671043,Msi,Cyborg 15 A13ve 27xma,i5-13420h,16.0,512.0,1.0,Rtx 4050,Dedicated,6.0,15.6,,11390.0,496,Salé,1.0,,True,False,https://www.avito.ma/fr/sala_el_jadida/ordinateurs_portables/MSI_Cyborg_15_i5_RTX_4050_16Go_58176213.htm,msi cyborg 15 i5 rtx 4050 16go msi cyborg 15 a13ve 27xma de la marque msi processeur,d25ef652498cc7fbff679524780fc20a,False
78255959,Asus,,i5-6300u,8.0,512.0,1.0,Intel Hd Graphics,Integrated,,15.0,,1600.0,191,Casablanca,0.0,,False,False,https://www.avito.ma/fr/sidi_moumen/ordinateurs_portables/Asus_i5_6ème_Ram_8_disque_512_SSD_batterie_4h_58727452.htm,asus i5 6ème ram 8 disque 512 ssd batterie 4h asus i5 6ème génération très bon état,c4ce898cad2c087930d44c658bca9234,False
78258276,Hp,Elitebook 840 G9 14,i5-1235u,16.0,,,,Integrated,,14.0,,5000.0,204,Oujda,0.0,,False,False,https://www.avito.ma/fr/oujda/ordinateurs_portables/HP_EliteBook_840_G9_14__58727342.htm,hp elitebook 840 g9 14 hp elitebook 840 g9 14 à vendre hp elitebook 840 g9 en bon,4eedcd7140c645888880fdd6fa8bbd8f,False
77711205,Msi,Vector 16 Hx Ai A2xwhg 683ma,Core Ultra 9 275hx,32.0,1000.0,1.0,Rtx 5070 Ti,Dedicated,12.0,16.0,,28790.0,656,Casablanca,1.0,,True,False,https://www.avito.ma/fr/maarif/ordinateurs_portables/MSI_Vector_16_HX_AI_Ultra_9_RTX_5070_Ti_58214424.htm,msi vector 16 hx ai ultra 9 rtx 5070 ti msi vector 16 hx ai a2xwhg 683ma de la marque,d717952ff74f94df4488df938470f40f,False
78254848,Dell,Precision 5680,i7-13800h,64.0,1000.0,1.0,Rtx 20 Ada Generation,Dedicated,8.0,16.0,60.0,12500.0,429,Salé,0.0,,False,False,https://www.avito.ma/fr/hay_chmaou/ordinateurs_portables/Vente_quartier_Chma3o_58727166.htm,vente quartier chma3o dell precision 5680 intel core i7 13800h 64 go ram 1 to ssd,a26d93bfa1d687db55024223f2cc155a,False
78254520,Apple,Macbook Air,Core 2 Duo,2.0,128.0,1.0,Geforce 320m,Integrated,,12.0,,800.0,92,Casablanca,0.0,,False,False,https://www.avito.ma/fr/sidi_moumen/ordinateurs_portables/MacBook_Slim_Air_disque_SSD_batterie_3h_58727022.htm,macbook slim air disque ssd batterie 3h macbook air écran 12 hd processeur intel,d8278e1ea569aa271cfb0ca5a1e00002,False
78254282,Lenovo,,i5-8th Gen vPro,8.0,256.0,1.0,,Integrated,,,,2000.0,147,Casablanca,0.0,,False,False,https://www.avito.ma/fr/aïn_chock/ordinateurs_portables/PC_portable_i5_8_gen_vpro_58726909.htm,pc portable i5 8 gen vpro lenovo core i5 8ème génération processeur intel core i5,1c60b58600c5ba25770e33a423e745fb,False
78254071,Asus,,i7-6500u,8.0,628.0,1.0,Geforce 940m,Dedicated,2.0,15.0,,1900.0,183,Casablanca,0.0,,False,False,https://www.avito.ma/fr/sidi_moumen/ordinateurs_portables/Asus_i7_6ème_double_graphique_Ram_8_disque_SSD_et_500_58726853.htm,asus i7 6ème double graphique ram 8 disque ssd et 500 asus i7 6ème double graphique,68d10723e2cb3a80e1dd8ab9fecbdd5d,False
78253793,Dell,Latitude 5420,i7-1185g7,16.0,512.0,1.0,Intel Iris Xe Graphics,Integrated,,14.0,,4000.0,272,Casablanca,,,False,False,https://www.avito.ma/fr/maarif/ordinateurs_portables/Dell_Latitude_i7_11ème_Génération_14_Pouces_58726761.htm,dell latitude i7 11ème génération 14 pouces dell latitude 5420 14 pouces full hd,c5b0fba93c47c28ebd2171f28e4f4a47,False
78253749,Asus,,Core 2 Duo,4.0,320.0,0.0,,,,,,800.0,109,Fès,0.0,,False,False,https://www.avito.ma/fr/narjis/ordinateurs_portables/Ordinateur_portable_Asus_Core_2_Duo__4_Go_58726751.htm,ordinateur portable asus core 2 duo 4 go ordinateur portable asus en bon état adapté,f4705b9ef6ce00749b9f5aad2a4f9662,False
78253699,Hp,Probook 450 G4,i5-7200u,16.0,1000.0,1.0,Intel Hd Graphics 620,Integrated,,15.6,,1800.0,244,Meknès,,,False,False,https://www.avito.ma/fr/zitoune/ordinateurs_portables/HP_ProBook_450_G4__7ème_génération_58726728.htm,hp probook 450 g4 7ème génération je mets en vente mon hp probook 450 g4 7ème génération,ff27adc0ad65ab6d53f52c74e58527e4,False
78259092,Lenovo,Thinkpad,i5 vPro,8.0,256.0,1.0,,Integrated,,,,2000.0,147,Béni Mellal,,,False,False,https://www.avito.ma/fr/béni_mellal/ordinateurs_portables/PC_portable_Lenovo_Think_Pad_58726725.htm,pc portable lenovo think pad batterie 6h ssd m.2 256 go 8 go ram intel core i5 vpro,d1f21aac58bae8ba9e6bd64407bf995d,False
78259079,Lenovo,Thinkpad,i5 vPro,8.0,256.0,1.0,,Integrated,,,,2000.0,147,Béni Mellal,,,False,False,https://www.avito.ma/fr/béni_mellal/ordinateurs_portables/PC_portable_Lenovo_ThinkPad_58726691.htm,pc portable lenovo thinkpad lenovo thinkpad batterie 6h ssd m.2 256 go ram 8 go processeur,9e0b572f102a842351962dffe5e57aa6,False
78258997,Apple,Macbook Air M5 2026,M5,16.0,512.0,1.0,,Integrated,,,,14500.0,215,Khouribga,0.0,,False,False,https://www.avito.ma/fr/khouribga/ordinateurs_portables/MacBook_Air_M5_2026_58726638.htm,macbook air m5 2026 m5 ram 16go 512go d espace. acheté en juillet 2026,829598bcfe06289e772bc95b8053d287,False
77541668,Dell,Pro 16 Plus Pb16250,Core Ultra 7 266v,16.0,512.0,1.0,Intel Arc Graphics,Integrated,,16.0,,15900.0,346,Marrakech,1.0,,True,False,https://www.avito.ma/fr/guéliz/ordinateurs_portables/Dell_Pro_16_Plus_Ultra_7_16Go_SSD_Neuf_58053870.htm,dell pro 16 plus ultra 7 16go ssd neuf nous mettons en vente le dell pro 16 plus,57163084f62226fb2654fbd40331de6e,False
77541626,Dell,Pro 15 Essential,i5-1334u,8.0,512.0,1.0,Intel Uhd Graphics,Integrated,,15.6,,7790.0,304,Rabat,1.0,,True,False,https://www.avito.ma/fr/hay_arrachad/ordinateurs_portables/Dell_Pro_15_Essential_i5_13ème_Gén_Neuf_58053831.htm,dell pro 15 essential i5 13ème gén neuf dell pro 15 essential neuf nous mettons en,55dc52e39cd11402ee663749d40e766b,False
77391122,Microsoft,Surface Pro 11,Core Ultra 7 266v,16.0,512.0,1.0,,Integrated,,,,27990.0,251,Tanger,0.0,1.0,True,False,https://www.avito.ma/fr/marjane/ordinateurs_portables/Microsoft_Surface_Pro_11_512Go_Reconditionné_57913906.htm,microsoft surface pro 11 512go reconditionné nous mettons en vente une tablette pc,68ac1ac6da62c23dd72458f4ede12d11,False
77648202,Msi,Modern 14 F1mg 478ma,Core 5 120u,16.0,512.0,1.0,Intel Graphics,Integrated,,14.0,,6999.0,339,Marrakech,1.0,,True,False,https://www.avito.ma/fr/guéliz/ordinateurs_portables/MSI_Modern_14_Core_5_16Go_SSD_58154622.htm,msi modern 14 core 5 16go ssd msi modern 14 f1mg 478ma urban silver de la marque,3c5be0593ead57b08a620765249f825f,False
76532300,Hp,Elite X360 830 G7,i5-10th Gen,16.0,256.0,1.0,,Integrated,,,,3990.0,275,Agadir,1.0,1.0,True,False,https://www.avito.ma/fr/amsernate/ordinateurs_portables/PC_Portable_HP_Elite_x360_830_G7_57128446.htm,pc portable hp elite x360 830 g7 modèle hp elite x360 830 g7 réf. 1v3b8av processeur,2ac2cac233a80f6d4b11a87f5f85a8c4,False
77734429,Apple,Macbook Air M3 2024,M3,16.0,512.0,1.0,,Integrated,,,,0.0,255,Safi,0.0,,True,False,https://www.avito.ma/fr/jerifat/ordinateurs_portables/MacBook_Air_M3_2024_16Go_RAM_1To_58235879.htm,macbook air m3 2024 16go ram 1to 1 macbook air m3 2024 16go ram 512go stockage cycle,8093bd0517adad93fd65526ef1ea2fbe,False
77737513,Lenovo,Yoga Slim 7i Oled,Ultra 5 125h,16.0,512.0,1.0,Intel Arc Graphics,Integrated,,14.0,,0.0,285,Safi,0.0,1.0,True,False,https://www.avito.ma/fr/jerifat/ordinateurs_portables/Lenovo_Yoga_Slim_7i_ultra_5_16GB_ram_ddr5_512Go_58238690.htm,lenovo yoga slim 7i ultra 5 16gb ram ddr5 512go lenovo yoga slim 7i 2025 ai copilot,f6951eda1e5752851b820f263112469f,False
76811913,Acer,Aspire 17 2025,Core Ultra 7 150u,16.0,1000.0,1.0,Rtx 2050,Dedicated,,17.3,,0.0,326,Safi,0.0,,True,False,https://www.avito.ma/fr/jerifat/ordinateurs_portables/Acer_Aspire_17_2025_With_Ai_Core_7_16Go_1Tb_nvidia_57375241.htm,acer aspire 17 2025 with ai core 7 16go 1tb nvidia 1 acer aspire 17 2025 with ai,d60889cc39948a5ead3fbce332708f2b,False
77161791,Samsung,Galaxybook 4 Edge,Snapdragon X Plus,16.0,512.0,1.0,,Integrated,,15.6,,0.0,331,Safi,1.0,,True,False,https://www.avito.ma/fr/jerifat/ordinateurs_portables/Samsung_Galaxybook_4_Edge_Snapdragon_X_Plus_16G_57701640.htm,samsung galaxybook 4 edge snapdragon x plus 16g samsung galaxybook 4 edge 2025 avec,51e7f9ee4146615ea3383cdcacf2bec1,False
77230184,Apple,Macbook Pro 14,M2 Pro,16.0,512.0,1.0,,Integrated,,14.0,,0.0,269,Safi,0.0,,True,False,https://www.avito.ma/fr/jerifat/ordinateurs_portables/Macbook_pro_14_m2_Pro_16Go_ram_512Go_ssd_57765449.htm,macbook pro 14 m2 pro 16go ram 512go ssd 1 macbook pro 14 m2 pro 16go ram 512go ssd,490f7bd99fe1a6270f5582adf3452587,False
77753965,Msi,Vector 16 Hx Ai,Core Ultra 9 275hx,32.0,1000.0,1.0,Rtx 5080,Dedicated,16.0,16.0,240.0,0.0,726,Safi,1.0,,True,False,https://www.avito.ma/fr/safi/ordinateurs_portables/MS__Vector_16_HX_Rtx_5070Ti_Ultra_9_NEUF_58254109.htm,msi vector 16 hx rtx 5070ti ultra 9 neuf 1 msi vector 16 hx ai nvidia rtx 5080 16gb,c1cf331b389bca098690bb079dbb763c,False
77754104,Msi,Stealth A16 Oled,Ryzen Ai 9 Hx 370,64.0,2000.0,1.0,Rtx 5090,Dedicated,24.0,16.0,240.0,0.0,700,Safi,1.0,,True,False,https://www.avito.ma/fr/safi/ordinateurs_portables/Msi_Stealth_OLED_Rtx_5090_RAM_64GB_2TB_Ryzen_9hx_58254258.htm,msi stealth oled rtx 5090 ram 64gb 2tb ryzen 9hx msi stealth a16 oled nvidia rtx,336affaf79502258ba4c49bf5466e687,False
77875740,Hp,Zbook Firefly G9,i7-1265u vPro,16.0,512.0,1.0,Rtx Quadro T550,Dedicated,,14.0,,0.0,338,Safi,0.0,,True,False,https://www.avito.ma/fr/jerifat/ordinateurs_portables/Workstation_HP_Zbook_G9_i7_1265U_16G_512G_RTX_T550_58368182.htm,workstation hp zbook g9 i7 1265u 16g 512g rtx t550 1 workstation hp zbook firefly,f5fb220b9c69616f1f78d34a842e3b68,False
78258592,Apple,Macbook Air 13 2017,i5-8th Gen,8.0,256.0,1.0,,Integrated,,13.0,,1300.0,161,Martil,0.0,,False,False,https://www.avito.ma/fr/martil/ordinateurs_portables/PC_MacBook_Air_13_modèle_2017_à_vendre_58726325.htm,pc macbook air 13 modèle 2017 à vendre à vendre macbook air 13 modèle 2017. couleur,20d9079aea01251a717c7510c1d91d4e,False
78258591,Lenovo,Thinkpad L380,i3-8100u,8.0,128.0,1.0,Intel Hd Graphics 620,Integrated,,14.0,,1600.0,168,Casablanca,0.0,,False,False,https://www.avito.ma/fr/sidi_moumen/ordinateurs_portables/Lenovo_Thinkpad_8ème_génération_RAM_8_disque_SSD_batterie_5h_58726324.htm,lenovo thinkpad 8ème génération ram 8 disque ssd batterie 5h lenovo thinkpad 8ème,b4204f6513c950d3e7114705a6d533dd,False
78258577,Dell,Latitude 5480,i5-6300u,8.0,256.0,1.0,Intel Hd Graphics 520,Integrated,,14.0,,1700.0,186,Casablanca,0.0,,False,False,https://www.avito.ma/fr/sidi_moumen/ordinateurs_portables/Dell_Latitude_i5_6ème_RAM_8_Disque_256_SSD_58726313.htm,dell latitude i5 6ème ram 8 disque 256 ssd dell latitude 5480 i5 6ème importé d italie,53e444ebdb3e4d11e134deb60185ec3a,False
78258573,Apple,Macbook Pro,i5,8.0,128.0,1.0,Intel Hd Graphics 4000,Integrated,,13.3,,1400.0,181,Casablanca,0.0,,False,False,https://www.avito.ma/fr/sidi_moumen/ordinateurs_portables/MacBook_i5_pro_Ram_8_disque_SSD_batterie_5h_58726310.htm,macbook i5 pro ram 8 disque ssd batterie 5h macbook pro écran 13.3 processeur intel,a4af01076219e87614c24207c5726b2e,False
78258571,Hp,Notebook,i5-1035g1,8.0,256.0,1.0,Intel Hd Graphics,Integrated,,15.0,,2200.0,190,Casablanca,0.0,,False,False,https://www.avito.ma/fr/sidi_moumen/ordinateurs_portables/HP_i5_10ème_Gén_RAM_8_Disque_256_SSD_Écran_15_58726308.htm,hp i5 10ème gén ram 8 disque 256 ssd écran 15 hp i5 10ème gén notebook importé d,e623a75bba78fc40fe09fb00c68d675e,False
78258565,Hp,Victus 16,i7-13700h,32.0,1000.0,1.0,Rtx 4070,Dedicated,,16.0,144.0,12500.0,534,Rabat,0.0,,False,False,https://www.avito.ma/fr/hay_el_fath/ordinateurs_portables/Hp_victus_16_i7_13ème_32gb_ddr5_1tb_ssd_rtx_4070_58726302.htm,hp victus 16 i7 13ème 32gb ddr5 1tb ssd rtx 4070 à vendre ordinateur portable hp,b61cdb0917fff4361f768683afbf7788,False
78258270,Lenovo,Thinkpad T16 Gen 3,Core Ultra 7 155u,32.0,512.0,1.0,,Integrated,,16.0,,7500.0,266,Oujda,0.0,,False,False,https://www.avito.ma/fr/oujda/ordinateurs_portables/___Lenovo_ThinkPad_T16_Gen_3___Intel_Core_Ultra_7_58726061.htm,lenovo thinkpad t16 gen 3 intel core ultra 7 lenovo thinkpad t16 gen 3 à vendre lenovo,a4a530ed2d6573fdc58f35214c7e46f0,False
78258225,Apple,Macbook Pro 13 2018,i5,8.0,256.0,1.0,,Integrated,,13.0,,4300.0,180,Agadir,0.0,,False,False,https://www.avito.ma/fr/les_amicales/ordinateurs_portables/MacBook_Pro_2018_13___Core_i5___8Go___256Go_58726010.htm,macbook pro 2018 13 core i5 8go 256go ordinateur en très bon état parfaitement fonctionnel,7e4b2aaf9674639789b284622b3de34d,False
78258196,Hp,Elitebook X360 1040 G7,i7-10610u,16.0,256.0,0.0,Intel Uhd Graphics,Integrated,,,,4000.0,218,Tanger,,1.0,False,False,https://www.avito.ma/fr/centre_ville/ordinateurs_portables/HP_EliteBook_58725975.htm,hp elitebook je mets en vente mon ordinateur portable professionnel convertible hp,bfe79c98f3a01caffb2f9fe2cf42f426,False
78258189,Hp,,i7-8565u,8.0,256.0,1.0,Intel Uhd Graphics 620,Integrated,,15.0,,1900.0,193,Casablanca,0.0,,False,False,https://www.avito.ma/fr/sidi_moumen/ordinateurs_portables/HP_i7_8e_génération_RAM_8_Go_disque_256_Go_SSD_écran_15_pouces_58725969.htm,hp i7 8e génération ram 8 go disque 256 go ssd écran 15 pouces hp i7 8e génération,1dfbe3b1de7635458d4630c0511e2c17,False
78258100,Lenovo,,i7-6600u,8.0,240.0,1.0,,Integrated,,,,1200.0,153,Kénitra,,,False,False,https://www.avito.ma/fr/pam/ordinateurs_portables/PC_Lenovo_i7_6600U_58725894.htm,pc lenovo i7 6600u intel r core tm i7 6600u 2.60ghz ram 8.00gb carte graphique 128,aa2ab389fda6be186869e9e23f2b8f96,False
78258018,Hp,Probook N9ii,i7-8th Gen,16.0,512.0,1.0,,Integrated,,,,3300.0,193,Béni Mellal,,,False,False,https://www.avito.ma/fr/béni_mellal/ordinateurs_portables/HP_Proboock_i7_8ème_génération_58725800.htm,hp proboock i7 8ème génération hp proboock i7 8ème génération n9ii 16 go ram 512,64dcd48d1af91f789ec82804bec68830,False
78257949,Hp,Zbook 15u G2,i7-5500u,8.0,188.0,1.0,Radeon R7 M256,Dedicated,,15.0,,1600.0,183,Casablanca,0.0,,False,False,https://www.avito.ma/fr/sidi_moumen/ordinateurs_portables/hp_i7_zbook_double_graphique_Ram_8_disque_SSD_58725752.htm,hp i7 zbook double graphique ram 8 disque ssd hp i7 zbook 15u g2 importé d italie,004c6ea25ce9ebd7fe27c7c1a3849666,False
78257948,Hp,Laptop 15s Eq0x,Ryzen 5 3500u,8.0,,,Radeon Vega Mobile Graphics,Integrated,,15.0,,3950.0,173,Marrakech,0.0,,False,False,https://www.avito.ma/fr/guéliz/ordinateurs_portables/HP_Laptop_15s_Ryzen_5_8Go___État_proche_du_neuf______58725749.htm,hp laptop 15s ryzen 5 8go état proche du neuf hp laptop 15s ryzen 5 8 go ram noir,4a4ffddec4d98aa82665fe6219472438,False
78257917,Hp,Laptop 15s Eq0x,Ryzen 5 3500u,8.0,,,Radeon Vega Mobile Graphics,Integrated,,15.0,,3950.0,173,Marrakech,0.0,,False,False,https://www.avito.ma/fr/guéliz/ordinateurs_portables/HP_Laptop_15s_Ryzen_5_8Go___État_proche_du_neuf______58725725.htm,hp laptop 15s ryzen 5 8go état proche du neuf akkid j ajouterai une phrase qui clarifie,4a4ffddec4d98aa82665fe6219472438,False
78257898,Hp,,i5-11th Gen,16.0,256.0,1.0,Intel Iris Xe,Integrated,,15.0,,3000.0,238,Salé,,,False,False,https://www.avito.ma/fr/bettana/ordinateurs_portables/Ordinateur_portable_HP_58725707.htm,ordinateur portable hp caractéristiques marque hp cpu intel i5 11ème génération gpu,e4a5018bbeb0bf7a0dc73d224c714d96,False
78257816,Hp,Elitebook,i5,6.0,320.0,0.0,,,,,,800.0,141,Agadir,0.0,,False,False,https://www.avito.ma/fr/centre_ville/ordinateurs_portables/HP_ELITEBOOK_58725672.htm,hp elitebook hp elitebook i5 6gb ram 320gb hdd à vendre je vends un hp elitebook,bfe79c98f3a01caffb2f9fe2cf42f426,False
78257786,Lenovo,Ideapad 320,i3-6006u,8.0,128.0,1.0,Intel Hd Graphics 520,Integrated,,15.0,,1400.0,168,Casablanca,0.0,,False,False,https://www.avito.ma/fr/sidi_moumen/ordinateurs_portables/Lenovo_6ème_génération_RAM_8_disque_SSD_batterie_4h_écran_15_58725599.htm,lenovo 6ème génération ram 8 disque ssd batterie 4h écran 15 lenovo ideapad 320 importé,643c48ace6a82682085a70e8df730da4,False
78214779,Hp,Elitebook,i7 11th Gen,16.0,512.0,1.0,,,,,,4250.0,193,Tétouan,0.0,,False,False,https://www.avito.ma/fr/tétouan/ordinateurs_portables/hp_elitebook_58685502.htm,hp elitebook hp core i7 11 gen cores 4 threads 8. ram 16gb ddr4. stockage 512gb ssd,bfe79c98f3a01caffb2f9fe2cf42f426,False
78214776,Asus,,i7-6700hq,16.0,1006.0,1.0,Gtx 960m,Dedicated,2.0,17.0,,1800.0,317,Casablanca,0.0,,False,False,https://www.avito.ma/fr/sidi_moumen/ordinateurs_portables/Asus_i7_6ème_Gamer_RAM_16_Disque_256_SSD_750_58685500.htm,asus i7 6ème gamer ram 16 disque 256 ssd 750 asus i7 6ème gamer très bon état importé,84d6bc29b21260774c41443b854afbad,False
78214757,Lenovo,Thinkpad L390 Yoga,i7,8.0,256.0,1.0,,,,13.3,,2800.0,180,Casablanca,0.0,,False,False,https://www.avito.ma/fr/casablanca/ordinateurs_portables/Lenovo_ThinkPad_L390_yoga_Intel_i7_8Go_256Go_58685484.htm,lenovo thinkpad l390 yoga intel i7 8go 256go à vendre un ordinateur portable lenovo,141b84afb722b9844444b71200999c81,False
78007906,Lenovo,Yoga 520,i5-8250u,8.0,256.0,1.0,Uhd Graphics 620,Integrated,,,,2200.0,192,Bejaad,0.0,1.0,False,False,https://www.avito.ma/fr/bejaad/ordinateurs_portables/Khouribga__Abi_Jâada_58491629.htm,khouribga abi jâada marque lenovo modèle yoga 520 processeur intel core i5 8250u,370767a8290dc0a01d1841d824e23dc6,False
75979631,Msi,Sword 16 Hx B14v B14vgkg 851ma,i7-14700hx,16.0,1000.0,1.0,Rtx 4070,Dedicated,8.0,,,19900.0,499,Salé,0.0,,True,False,https://www.avito.ma/fr/abouab_sala/ordinateurs_portables/PC_Portable_Gaming_MSI_Sword_16_HX_B14V_56640083.htm,pc portable gaming msi sword 16 hx b14v pc portable gaming msi sword 16 hx b14v b14vgkg,7617ec04d23b89364a69f2a20c47ae58,False
78214437,Apple,Macbook Pro 14,M5,16.0,1000.0,1.0,Apple Gpu,Integrated,,14.0,,13000.0,296,Casablanca,0.0,,False,False,https://www.avito.ma/fr/ain_sebaa/ordinateurs_portables/MacBook_Pro_M5_14____16GB___1TB_SSD_58685255.htm,macbook pro m5 14 16gb 1tb ssd macbook pro 14 pouces d apple m5 configuration puce,72833f3195bca2ea0107dbbdf4c55c78,False
78214402,Hp,Elitebook 830 G8,i7 11th Gen,16.0,512.0,1.0,,,,,,4500.0,193,Meknès,0.0,,False,False,https://www.avito.ma/fr/el_bassatine/ordinateurs_portables/Hp_elitebook_830_g8_i7_11th_58685209.htm,hp elitebook 830 g8 i7 11th hp elitebook 830 g8 i7 11th 16 go de ram 512 go ssd i7,af71c28b284132dd034cf757197b53b7,False
78214383,Microsoft,Surface Laptop 6 Business,Core Ultra 5 135h,8.0,256.0,1.0,Intel Graphics,Integrated,,,,6700.0,224,Fès,0.0,1.0,False,False,https://www.avito.ma/fr/autre_secteur/ordinateurs_portables/Microsoft_Surface_Laptop_6_Business___Ultra_5_135H_58685189.htm,microsoft surface laptop 6 business ultra 5 135h microsoft surface laptop 6 for business,44041bcdf6754ae7e58347ccaa0fe370,False
78214375,,,i5,8.0,128.0,1.0,,,,,,1900.0,149,Tanger,0.0,,False,False,https://www.avito.ma/fr/centre_ville/ordinateurs_portables/Ordinateur_portable_en_bon_état_avec_chargeur_58685171.htm,ordinateur portable en bon état avec chargeur à vendre ordinateur portable en très,679a45a1fe2856ca47fad2a3b404ff3b,False
78214314,Acer,Aspire 14 Ai,Core Ultra 7,16.0,512.0,1.0,Arc Graphics,Integrated,,14.0,,7500.0,363,Rabat,1.0,,False,False,https://www.avito.ma/fr/agdal/ordinateurs_portables/Acer_Aspire_14_AI___Core_Ultra_7___16GB___512GB___58685120.htm,acer aspire 14 ai core ultra 7 16gb 512gb acer aspire 14 ai intel core ultra 7 256v,23b18955f1d2cbece778f4163fa2eda2,False
78214148,Apple,Macbook Pro 2019,i7,16.0,256.0,1.0,,,,16.0,,15000.0,227,Casablanca,0.0,,False,False,https://www.avito.ma/fr/val_fleuri/ordinateurs_portables/Trois__3__MacBook_Pro_2019_58684959.htm,trois 3 macbook pro 2019 je mets en vente mes trois macbook pro ramenés du canada,f7905d4a0644cad049b4621575d6a486,False
78214005,Msi,Ge75 Raider 9sg,i7-9750h,16.0,1512.0,1.0,Rtx 2080,Dedicated,8.0,17.3,,7000.0,447,Marrakech,0.0,,False,False,https://www.avito.ma/fr/guéliz/ordinateurs_portables/PC_GAMER_LAPTOP_MSI_58684722.htm,pc gamer laptop msi msi ge75 raider 9sg pc gamer haute performance je mets en vente,2d84c916d2723d8213a8d27064bf2e4e,False
78213813,Hp,,i5 6th Gen,8.0,300.0,1.0,,,,,,1700.0,165,Fès,0.0,1.0,False,False,https://www.avito.ma/fr/agdal/ordinateurs_portables/HP_i5_6ème_gén_8ram_300ssd_écran_tactile_58684562.htm,hp i5 6ème gén 8ram 300ssd écran tactile je propose un ordinateur portable hp i5,9b6211167beec9f1df6a2b03f70ffe8b,False
78213462,Lenovo,Ideapad Slim 3 15irh10,i7-13620h,16.0,512.0,1.0,Integrated,Integrated,,15.3,,7700.0,338,Fès,1.0,,False,False,https://www.avito.ma/fr/route_ain_chkaf/ordinateurs_portables/Lenovo_IdeaPad_Slim_3_15IRH10_à_vendre_58684314.htm,lenovo ideapad slim 3 15irh10 à vendre bonjour je mets en vente un ordinateur portable,18da3439d40c1cf7e54ceeffd48d7ef4,False
76546460,Msi,Cyborg 15 A13v A13vf 1474ma,i7-13620h,16.0,1000.0,1.0,Rtx 4060,Dedicated,8.0,15.6,144.0,13790.0,572,Temara,1.0,,True,False,https://www.avito.ma/fr/andalousse/ordinateurs_portables/PC_Portable_Gamer_MSI_RTX_4060_57140588.htm,pc portable gamer msi rtx 4060 modèle msi cyborg 15 a13v a13vf 1474ma processeur,6daf2689634f339689018ade7b8261e8,False
78212448,Acer,,i5,8.0,128.0,1.0,Hd Family,Integrated,,15.0,,1300.0,166,Casablanca,0.0,,False,False,https://www.avito.ma/fr/sidi_moumen/ordinateurs_portables/Acer_i5_professionnel_Ram_8_disque_SSD_batterie_4h_58683876.htm,acer i5 professionnel ram 8 disque ssd batterie 4h acer i5 importé d italie comme,ab2eba795906830b3addedfa32e4db3c,False
78212989,,,i5 5th Gen,8.0,256.0,1.0,,,2.0,,,1200.0,142,Agadir,0.0,,False,False,https://www.avito.ma/fr/autre_secteur/ordinateurs_portables/Agadir_par_hasard_58683664.htm,agadir par hasard pc i5 5ème génération gpu inveda 2g vram 8g ram 256 ssd batterie,fab2dc7268d94aeacdad767e06b44053,False
78211898,Samsung,730qed,i3 12th Gen,8.0,256.0,1.0,,,,,,3800.0,160,El Jadida,0.0,1.0,False,False,https://www.avito.ma/fr/saada/ordinateurs_portables/PC_portable_Samsung_730QED_i5_12th_256_8_58683623.htm,pc portable samsung 730qed i5 12th 256 8 pc portable samsung 730qed tactile officiel,29f5623bd02c99facc9857a1fdb67adc,False
78212749,Hp,Pavilion Gaming,Ryzen 5 4600h,16.0,512.0,1.0,Gtx 1650 Ti,Dedicated,4.0,,,4500.0,324,Béni Mellal,0.0,,False,False,https://www.avito.ma/fr/béni_mellal/ordinateurs_portables/PC_HP_Pavilion_58683447.htm,pc hp pavilion pc hp pavilion gaming ryzen 5 4600h 16 go ram ddr4 512 go ssd gtx,fef34fdf6813f0181f2e83d4831677e7,False
78212627,,,Intel N95,20.0,477.0,,Uhd Graphics,Integrated,,,,2200.0,204,Agadir,,,False,False,https://www.avito.ma/fr/haut_anza/ordinateurs_portables/Agadir__Inza_Marina_Inzgane__58683338.htm,agadir inza marina inzgane processeur intel r n95 avec une fréquence de base de 1.70,4b5e53365e6d481401504d4f9aa3d922,False
78212534,Hp,Elitebook 640 G9 Notebook Pc,i5-1245u,16.0,512.0,1.0,,,,,,4200.0,221,Tanger,0.0,,False,False,https://www.avito.ma/fr/ahlane/ordinateurs_portables/Quartier_Ahlan_Tanger_58683262.htm,quartier ahlan tanger hp elitebook 640 g9 notebook pc excellent état processeur intel,e618df02f2553f3b48416db95a938ce7,False
78212442,Hp,,i7-8565u,8.0,256.0,1.0,Intel 620,Integrated,,15.0,,1900.0,188,Casablanca,0.0,,False,False,https://www.avito.ma/fr/sidi_moumen/ordinateurs_portables/HP_i7_8e_génération_RAM_8_Go_disque_256_Go_SSD_écran_15_pouces_58683197.htm,hp i7 8e génération ram 8 go disque 256 go ssd écran 15 pouces hp i7 8e génération,1dfbe3b1de7635458d4630c0511e2c17,False
78212437,Lenovo,Thinkpad L380,i3-8100u,8.0,128.0,1.0,Hd Graphics 620,Integrated,,14.0,,1600.0,155,Casablanca,0.0,,False,False,https://www.avito.ma/fr/sidi_moumen/ordinateurs_portables/Lenovo_8ème_génération_RAM_8_disque_SSD_batterie_5h_58683193.htm,lenovo 8ème génération ram 8 disque ssd batterie 5h lenovo thinkpad 8ème génération,0c8467b08e7ca0000d7264762a91ce7b,False
78212309,Lenovo,Thinkpad X1 Carbon Gen 7,i7 8th Gen,16.0,256.0,1.0,Uhd Graphics 620,Integrated,,14.0,,1700.0,233,Kénitra,0.0,1.0,False,False,https://www.avito.ma/fr/kénitra/ordinateurs_portables/ThinkPad_X1_Carbon_Gen_7_58683096.htm,thinkpad x1 carbon gen 7 lenovo thinkpad x1 carbon gen 7 pc professionnel ultra léger,f53dc1e00b269dfb7b9ee8b13d0e946b,False
78212233,Asus,,i7-6700hq,16.0,1006.0,1.0,Gtx 960m,Dedicated,2.0,17.0,,1800.0,317,Casablanca,0.0,,False,False,https://www.avito.ma/fr/sidi_moumen/ordinateurs_portables/Asus_i7_6ème_double_graphique_Ram_16_de_256_SSD_750_58683039.htm,asus i7 6ème double graphique ram 16 de 256 ssd 750 asus i7 6ème gamer très bon état,8ae2484a7a8ce2966237c044f96410a7,False
78212153,Hp,,i5 6th Gen,8.0,500.0,0.0,,,,,,1300.0,144,Casablanca,0.0,,False,False,https://www.avito.ma/fr/oulfa/ordinateurs_portables/PC_portable_HP_i5_6ème_8GB_ram_500GB_hdd_58682981.htm,pc portable hp i5 6ème 8gb ram 500gb hdd pc portable hp en très bon état idéal pour,f68f8456d5fd2b97a98ed752e4a8542e,False
78212073,Apple,Macbook Air Slim 2017,i5,8.0,128.0,1.0,Hd Graphics 60,Integrated,,13.3,,2000.0,168,Casablanca,0.0,,False,False,https://www.avito.ma/fr/sidi_moumen/ordinateurs_portables/MacBook_2017_i5_Air_Slim_Ram_8_SSD_58682923.htm,macbook 2017 i5 air slim ram 8 ssd macbook air slim i5 fin 2017 écran 13.3 hd processeur,5512212e58c6a3011edd8bcbeded1a8e,False
78212063,Dell,Latitude 3500,i5-8265u,8.0,128.0,1.0,Intel 620,Integrated,,15.0,,1800.0,175,Casablanca,0.0,,False,False,https://www.avito.ma/fr/sidi_moumen/ordinateurs_portables/Dell_i5_8ème_RAM_8_Disque_SSD_Écran_15_58682912.htm,dell i5 8ème ram 8 disque ssd écran 15 dell latitude 3500 i5 8ème génération très,fbe9490b5879af50d7a790afb96eb459,False
78212037,Hp,,i5-1035g1,8.0,238.0,1.0,Hd Graphics Family,Integrated,,15.0,,2200.0,176,Casablanca,0.0,,False,False,https://www.avito.ma/fr/sidi_moumen/ordinateurs_portables/HP_i5_10ème_Gén_RAM_8_Disque_256_SSD_Écran_15_58682888.htm,hp i5 10ème gén ram 8 disque 256 ssd écran 15 hp i5 10ème gén notebook importé d,e623a75bba78fc40fe09fb00c68d675e,False
78112831,Apple,Macbook Air 13,M5,16.0,512.0,1.0,Apple Gpu,Integrated,,13.0,,0.0,350,Rabat,1.0,,True,True,https://www.avito.ma/fr/les_orangers/ordinateurs_portables/MacBook_Air_13____M5___16Go___512Go__Officiel__58589034.htm,macbook air 13 m5 16go 512go officiel macbook air 13 pouces cpu apple m5 ram 16 go,64e9d5e7606382f39fbb69edbe88e11c,False
78211595,Hp,Elitebook 2570p,i7-3520m,8.0,128.0,1.0,Intel 40,Integrated,,13.0,,1300.0,164,Casablanca,0.0,,False,False,https://www.avito.ma/fr/sidi_moumen/ordinateurs_portables/hp_i7_EliteBook_professionnel_Ram_8_disque_SSD_58682389.htm,hp i7 elitebook professionnel ram 8 disque ssd hp i7 elitebook 2570p très bon état,6bf4e191ba96d686be8d6e6a3fd64ade,False
78211563,Dell,Latitude 5480,i5-6300u,8.0,256.0,1.0,Hd Graphics 520,Integrated,,14.0,,1700.0,174,Casablanca,0.0,,False,False,https://www.avito.ma/fr/sidi_moumen/ordinateurs_portables/Dell_i5_8ème_RAM_8_Disque_256_SSD_Écran_14_58682365.htm,dell i5 8ème ram 8 disque 256 ssd écran 14 dell latitude 5480 i5 6ème génération,171f041cf65459421a4bedab9172014f,False
78211374,Dell,,i5-6300u,8.0,,,,,,,,1850.0,130,Meknès,0.0,,False,False,https://www.avito.ma/fr/marjane_2/ordinateurs_portables/PC_portable_58682210.htm,pc portable à vendre ordinateur portable dell en bon état. processeur intel core,365494bbd26abcf1321123faf18fa120,False
78211286,Lenovo,,Amd A8,8.0,128.0,1.0,Amd Radeon R6,Integrated,,15.0,,1400.0,175,Casablanca,0.0,,False,False,https://www.avito.ma/fr/sidi_moumen/ordinateurs_portables/Lenovo_Thinkpad_Ram_8_disque_SSD_batterie_4h_58682143.htm,lenovo thinkpad ram 8 disque ssd batterie 4h lenovo amd a8 très bon état importé,784868356fed96c53250acfb9dd8827e,False
78211269,Hp,250 G6 Notebook,i3-7020u,8.0,628.0,1.0,Hd Graphics 620,Integrated,,15.0,,1500.0,183,Casablanca,0.0,,False,False,https://www.avito.ma/fr/sidi_moumen/ordinateurs_portables/HP_7ème_génération_RAM_8_disque_SSD_et_500_batterie_5h_58682131.htm,hp 7ème génération ram 8 disque ssd et 500 batterie 5h hp 7ème génération très bon,ddbd4b46be9b0fbd1caddd61804b8857,False
78211227,Hp,Elitebook 840 G6,i7-8665u,16.0,256.0,1.0,Uhd Graphics 620,Integrated,,14.0,,3500.0,247,Temara,0.0,1.0,False,False,https://www.avito.ma/fr/ain_atig/ordinateurs_portables/HP_EliteBook_840_G6_Tactile_58682099.htm,hp elitebook 840 g6 tactile processeur intel core i7 8665u vpro ram 16 go stockage,6465935e96d7252d4900e3a87334029c,False
78210845,Lenovo,Thinkpad L380,i3-8100u,8.0,128.0,1.0,Hd Graphics 620,Integrated,,14.0,,1600.0,155,Casablanca,0.0,,False,False,https://www.avito.ma/fr/sidi_moumen/ordinateurs_portables/Lenovo_Thinkpad_8ème_génération_RAM_8_disque_SSD_batterie_5h_58681798.htm,lenovo thinkpad 8ème génération ram 8 disque ssd batterie 5h lenovo thinkpad 8ème,b4204f6513c950d3e7114705a6d533dd,False
78210837,Asus,X5ua,i7-6500u,8.0,128.0,1.0,Intel 520,Integrated,,15.0,,1600.0,168,Casablanca,0.0,,False,False,https://www.avito.ma/fr/sidi_moumen/ordinateurs_portables/Asus_i7_6ème_Ram_8_disque_SSD_écran_15_58681791.htm,asus i7 6ème ram 8 disque ssd écran 15 asus i7 6ème génération x5ua très bon état,6b19e61f13b0249ab528dddea9254e49,False
78210722,Dell,Latitude 5490,i5-8350u,8.0,256.0,1.0,Uhd Graphics,Integrated,,14.0,,1990.0,195,Casablanca,0.0,,False,False,https://www.avito.ma/fr/sidi_moumen/ordinateurs_portables/Dell_i5_8ème_génération_256_Go_8_Go_RAM_58681706.htm,dell i5 8ème génération 256 go 8 go ram dell latitude 5490 à vendre en excellent,74faf29a54447d6e22b28f4e338049ef,False
78210588,Apple,Macbook Pro,i5,8.0,128.0,1.0,Hd Graphique 40,Integrated,,13.3,,1400.0,168,Casablanca,0.0,,False,False,https://www.avito.ma/fr/sidi_moumen/ordinateurs_portables/MacBook_i5_pro_Ram_8_disque_SSD_batterie_4h_58681569.htm,macbook i5 pro ram 8 disque ssd batterie 4h macbook pro écran 13.3 processeur intel,88fc69d4e6bc23bc69e22c74c9d55fc7,False
78210572,Lenovo,Ideapad 320,i3-6006u,8.0,128.0,1.0,Hd Graphics 520,Integrated,,15.0,,1500.0,155,Casablanca,0.0,,False,False,https://www.avito.ma/fr/sidi_moumen/ordinateurs_portables/Lenovo_professionnel_Ram_8_disque_SSD_batterie_4h_58681540.htm,lenovo professionnel ram 8 disque ssd batterie 4h lenovo ideapad 320 importé d italie,ea4901cc56f9c208dc94f859c3dd3034,False
78210545,Lenovo,Thinkpad L14,i5 13th Gen,16.0,256.0,1.0,,,,,,4100.0,181,El Jadida,0.0,,False,False,https://www.avito.ma/fr/saada/ordinateurs_portables/PC_portable_Lenovo_L14_i5_13ème_Gén_16_256_58681519.htm,pc portable lenovo l14 i5 13ème gén 16 256 lenovo thinkpad l14 officiel reconditionné,9a0388d77b618462a0b4073fe83ac577,False
78210514,Hp,250 G7 Notebook,i5-8265u,8.0,256.0,1.0,Intel 620,Integrated,,15.0,,1900.0,187,Casablanca,0.0,,False,False,https://www.avito.ma/fr/sidi_moumen/ordinateurs_portables/HP_i5_8ème_Gen_RAM_8_Disque_256_SSD_Écran_15_58681495.htm,hp i5 8ème gen ram 8 disque 256 ssd écran 15 hp i5 8ème génération 250 g7 notebook,f34d8893e14c4769af28fd9b736db10e,False
78210498,Apple,Macbook Pro 14,M4 Pro,24.0,512.0,1.0,Apple Gpu,Integrated,,14.0,,17500.0,354,Casablanca,0.0,,False,False,https://www.avito.ma/fr/casablanca/ordinateurs_portables/MacBook_Pro_14____M4_Pro___24_Go___512_Go_SSD_58681481.htm,macbook pro 14 m4 pro 24 go 512 go ssd macbook pro 14 pouces novembre 2024 puce apple,254be536c6fb855beb7cc006cd52aa1b,False
78210365,Hp,,i3-5005,8.0,128.0,1.0,Amd Radeon M330,Dedicated,2.0,15.0,,1400.0,174,Casablanca,0.0,,False,False,https://www.avito.ma/fr/sidi_moumen/ordinateurs_portables/HP_double_graphique_Ram_8_disque_SSD_écran_15_58681370.htm,hp double graphique ram 8 disque ssd écran 15 hp notebook double graphique très bon,db7a959bae6dc9750e687d8311361515,False
78210310,Hp,,i5 8th Gen,16.0,256.0,1.0,,,,,,3000.0,181,Agadir,0.0,,False,False,https://www.avito.ma/fr/taddart_anza/ordinateurs_portables/PC_portable_HP_i5_très_propre_et_comme_neuf_58681323.htm,pc portable hp i5 très propre et comme neuf je propose à la vente un ordinateur portable,76e507578ef37b50250195e41075dfe3,False
78210165,Lenovo,Thinkpad T490s,i7 8th Gen,16.0,256.0,1.0,,,,,,2750.0,181,Tanger,0.0,,False,False,https://www.avito.ma/fr/tanger/ordinateurs_portables/Lenovo_Thinkpad_T490s_i7_8ème_Gén_58681187.htm,lenovo thinkpad t490s i7 8ème gén pc professionnel importé d europe lenovo thinkpad,e885c9d1f1aedd290703863111ea938c,False
78210131,Apple,Macbook Pro 14,M5 Pro,24.0,1000.0,1.0,Apple Gpu,Integrated,,14.2,120.0,21900.0,381,Casablanca,1.0,,False,False,https://www.avito.ma/fr/casablanca/ordinateurs_portables/___MACBOOK_PRO_14_POUCE_M5_PRO_24GB_1TO_NEUF_58681119.htm,macbook pro 14 pouce m5 pro 24gb 1to neuf macbook pro 14 pouce m5 pro nouvelle génération,6f206c80d53182aa104e54ee1b5174df,False
78209927,Hp,Omen,i7-10750h,16.0,1000.0,1.0,Gtx 1660 Ti,Dedicated,,,,4100.0,352,Casablanca,0.0,,False,False,https://www.avito.ma/fr/2_mars/ordinateurs_portables/HP_Omen_GTX_1660Ti_i7_10750H_58680900.htm,hp omen gtx 1660ti i7 10750h à vendre ordinateur portable gaming hp omen. processeur,4a407ce14c6d46048860d6ce01f0fb6e,False
78209809,Lenovo,Thinkpad,i5 8th Gen,16.0,500.0,1.0,,,,,,1800.0,192,Mohammedia,0.0,,False,False,https://www.avito.ma/fr/mohammedia/ordinateurs_portables/Lenovo_ThinkPad_i5_8ème_Gén___16Go_RAM___500Go_SSD_58680816.htm,lenovo thinkpad i5 8ème gén 16go ram 500go ssd ordinateur portable lenovo thinkpad,fcec9a984ea3418ddd7eac69faa558e2,False
78111130,Apple,Macbook Pro 14,M3 Pro,18.0,512.0,1.0,Apple Gpu,Integrated,,14.0,,15500.0,322,Casablanca,0.0,,False,False,https://www.avito.ma/fr/oulfa/ordinateurs_portables/MacBook_Pro_14_M3_Pro_18Go_RAM___512Go_SSD_58587461.htm,macbook pro 14 m3 pro 18go ram 512go ssd à vendre un macbook pro 14 pouces m3 pro,d96059c0667eb89c4980ee6e84bef02f,False
78209729,Asus,,i5 6th Gen,8.0,512.0,1.0,Hd Graphics Family,Integrated,,15.0,,1600.0,172,Casablanca,0.0,,False,False,https://www.avito.ma/fr/sidi_moumen/ordinateurs_portables/Asus_i5_6ème_Ram_8_disque_512_SSD_batterie_4h_58680762.htm,asus i5 6ème ram 8 disque 512 ssd batterie 4h asus i5 6ème génération très bon état,c4ce898cad2c087930d44c658bca9234,False
78209723,Lenovo,Thinkpad L380,i3-8100u,8.0,128.0,1.0,Hd Graphics 620,Integrated,,14.0,,1600.0,155,Casablanca,0.0,,False,False,https://www.avito.ma/fr/sidi_moumen/ordinateurs_portables/Lenovo_Thinkpad_8ème_génération_RAM_8_disque_SSD_batterie_5h_58680757.htm,lenovo thinkpad 8ème génération ram 8 disque ssd batterie 5h lenovo thinkpad 8ème,b4204f6513c950d3e7114705a6d533dd,False
78060649,Dell,Latitude 3420,i5 11th Gen,16.0,256.0,1.0,,,,14.0,,3200.0,201,Rabat,0.0,,True,False,https://www.avito.ma/fr/rabat/ordinateurs_portables/Dell_Latitude_3420_i5_11ème_Gén_16G_RAM_256_SSD_58540538.htm,dell latitude 3420 i5 11ème gén 16g ram 256 ssd pc portable dell latitude 3420 en,9cc498a6158bdabb98cdacc439796c04,False
77533093,Hp,Victus 15 Fa2787nr,i7-13620h,16.0,512.0,1.0,Rtx 5060,Dedicated,8.0,15.6,,13900.0,539,Bouskoura,1.0,,True,False,https://www.avito.ma/fr/bouskoura_centre/ordinateurs_portables/HP_Victus_15_i7_RTX_5060_16Go_DDR5_58045829.htm,hp victus 15 i7 rtx 5060 16go ddr5 hp victus 15 fa2787nr de la marque hp intel core,e068e317b23dbbd6dcb756c547d71e50,False
78209185,Apple,Macbook Air 2015,i5,4.0,128.0,1.0,,,,,,2500.0,128,Taza,0.0,,False,False,https://www.avito.ma/fr/taza/ordinateurs_portables/MacBook_Air_i5_2015_58680569.htm,macbook air i5 2015 macbook air i5 2015 4 go de ram disque dur 128 go je serai disponible,e10d2464522463b1bd373ba5e51a7eb2,False
78209147,,,i5-7200u,8.0,128.0,1.0,Geforce 920mx,Dedicated,2.0,15.6,,1200.0,220,Oujda,0.0,,False,False,https://www.avito.ma/fr/hay_el_qods/ordinateurs_portables/Ordinateur_portable_à_vendre_58680565.htm,ordinateur portable à vendre ordinateur portable d occasion en bon état adapté pour,166632df405598daae0a3045975e5ffa,False
78209184,Apple,Macbook Pro Retina 13 Inch Early 2015,i5,8.0,,,Iris Graphics 6100,Integrated,1536.0,13.0,,2000.0,206,Guelmim,0.0,,False,False,https://www.avito.ma/fr/guelmim/ordinateurs_portables/Guelmim_64_58680248.htm,guelmim 64 للبيع macbook pro 13 inch early 2015 أداء عالي ونقاء شاشة استثنائي إذا,94f0da7e5c35e72a67de777cb74e7233,False
78209118,Asus,,i7-6500u,8.0,628.0,1.0,Geforce 940m,Dedicated,2.0,15.0,,1900.0,183,Casablanca,0.0,,False,False,https://www.avito.ma/fr/sidi_moumen/ordinateurs_portables/Asus_i7_6e_génération__double_graphique__RAM_8_Go__SSD_et_500_Go_58680207.htm,asus i7 6e génération double graphique ram 8 go ssd et 500 go asus i7 6e génération,e5e7c6d265ddc92477e5b597ac20279b,False
78209111,Hp,,i5-1035g1,8.0,238.0,1.0,Hd Graphics Family,Integrated,,15.0,,2200.0,176,Casablanca,0.0,,False,False,https://www.avito.ma/fr/sidi_moumen/ordinateurs_portables/HP_i5_10ème_Gén_RAM_8_Disque_256_SSD_Écran_15_58680201.htm,hp i5 10ème gén ram 8 disque 256 ssd écran 15 hp i5 10ème gén notebook importé d,e623a75bba78fc40fe09fb00c68d675e,False
78209102,Dell,,i5-8365u,8.0,943.0,,Uhd Graphics 620,Integrated,,,,3000.0,182,Tanger,0.0,,False,False,https://www.avito.ma/fr/tanger/ordinateurs_portables/PC_PORTABLE_DELL_58680197.htm,pc portable dell bon etat nom de l appareil desktop g47tbvg processeur intel r core,effcee8ce77c4c02124aa31ea7e9fcf4,False
78209099,Dell,Latitude 5400,i5 8th Gen,8.0,512.0,1.0,,,,,,2000.0,159,Chellalate,0.0,,False,False,https://www.avito.ma/fr/chellalate/ordinateurs_portables/Dell_Latitude_5400_i5_8ème_Gén_8Go___512Go_SSD_58680195.htm,dell latitude 5400 i5 8ème gén 8go 512go ssd ordinateur portable dell latitude 5400,dff1ffb9e9eb88d3c4e3d20261eea0b8,False
78209087,Dell,Latitude 3500,i5-8265u,8.0,128.0,1.0,Intel 620,Integrated,,15.0,,1800.0,175,Casablanca,0.0,,False,False,https://www.avito.ma/fr/sidi_moumen/ordinateurs_portables/dell_i5_8eme_Ram_8_disc_SSD_écran_15_58680188.htm,dell i5 8eme ram 8 disc ssd écran 15 dell latitude 3500 i5 8génération très bon état,bf55e152447fb8f4af29fa96115bcab3,False
78209058,Dell,Latitude 7210,i7 10th Gen,16.0,512.0,1.0,,,,,,2000.0,208,Chellalate,0.0,1.0,False,False,https://www.avito.ma/fr/chellalate/ordinateurs_portables/Dell_Latitude_7210_i7_10ème_Gén_16Go_512Go_SSD_58680167.htm,dell latitude 7210 i7 10ème gén 16go 512go ssd à vendre ordinateur portable dell,1cd3d5421037d10fd7b0132acdb27640,False
78209023,Acer,Predator Helios 300,i7 9th Gen,16.0,500.0,1.0,Gtx 1660 Ti,Dedicated,,,,5500.0,311,Marrakech,0.0,,False,False,https://www.avito.ma/fr/targa/ordinateurs_portables/Acer_Predator_Helios_300_58680137.htm,acer predator helios 300 je vends un ordinateur portable acer predator helios 300,98e5b841d6fdf2427fe7c18fc95ff7d9,False
78208969,Dell,,i3 7th Gen,4.0,256.0,1.0,,,,,,1450.0,117,Agadir,0.0,,False,False,https://www.avito.ma/fr/autre_secteur/ordinateurs_portables/PC_Portable_i3_7ème_génération_plus_Sacoche_Dell_Originale_58680056.htm,pc portable i3 7ème génération plus sacoche dell originale pc portable bon état propre,02c6b14bd22ec93749d9e6db5b74c9a2,False
77284846,Lenovo,Thinkpad T14s Gen 2,i7-1165g7,8.0,512.0,1.0,Iris Xe Graphics,Integrated,,14.0,,0.0,317,Tanger,1.0,,True,False,https://www.avito.ma/fr/marjane/ordinateurs_portables/Lenovo_Thinkpad_T14s_Gen_2_Core_i7_11ème___8Go___512Go_57815948.htm,lenovo thinkpad t14s gen 2 core i7 11ème 8go 512go planet computer met en vente un,ab06bb12e3bb542af8d3fdaa67b5be91,False
78208567,Msi,Vector 16 Hx Ai A2xw,Core Ultra 7 255hx,16.0,1000.0,1.0,Rtx 5070 Ti,Dedicated,12.0,16.0,,21400.0,623,Marrakech,1.0,,True,False,https://www.avito.ma/fr/guéliz/ordinateurs_portables/MSI_Vector_16_HX_AI_Gaming_Laptop_RTX_5070_Ti_58679695.htm,msi vector 16 hx ai gaming laptop rtx 5070 ti msi vector 16 hx ai a2xw ordinateur,c9836139c582983c5013c4245485dd48,False
78208574,Hp,Omen 15,i7 8th Gen,16.0,512.0,1.0,Gtx 1050 Ti,Dedicated,,15.0,,6000.0,288,Fès,0.0,,False,False,https://www.avito.ma/fr/fès/ordinateurs_portables/PC_HP_OMEN_15_58679701.htm,pc hp omen 15 pc hp omen 15 écran fhd 144hz 15 2 carte graphique intel uhd 630 nvidia,58301722c66a3c24d7e256156a447063,False
78208366,Lenovo,Yoga 7,Core Ultra 5 226v,16.0,512.0,1.0,Arc Graphics,Integrated,,16.0,,10490.0,346,Mohammedia,1.0,1.0,True,False,https://www.avito.ma/fr/centre_ville/ordinateurs_portables/Lenovo_Yoga_7_16_pouces_Tactile_58679572.htm,lenovo yoga 7 16 pouces tactile lenovo yoga 7 un ordinateur portable polyvalent avec,9e9942c843da616be2709c756b5fba67,False
78208295,Medion,Erazer Crawler E30e,i5-12450h,16.0,512.0,1.0,Rtx 2050,Dedicated,4.0,15.6,60.0,6550.0,441,Meknès,1.0,,True,False,https://www.avito.ma/fr/hamria/ordinateurs_portables/Laptop_Gaming_MEDION_ERAZER_Crawler_E30e_58679556.htm,laptop gaming medion erazer crawler e30e medion erazer crawler e30e medion erazer,5d67a38a753a1d0fbbecee0f0a0ae115,False
78208183,Lenovo,Legion Pro 7 16iax10h,Core Ultra 9 275hx,32.0,2000.0,1.0,Rtx 5080,Dedicated,16.0,16.0,240.0,38799.0,738,Kénitra,1.0,,True,False,https://www.avito.ma/fr/centre/ordinateurs_portables/Pc_Portable_Gamer_Lenovo_Legion_Pro_7__58679357.htm,pc portable gamer lenovo legion pro 7 lenovo legion pro 7 16iax10h un pc portable,0508ac244337bee0d407c0445b2cf606,False
73916396,Lenovo,Thinkpad T460 Ultrabook,i5 6th Gen,8.0,256.0,1.0,,,,14.0,,2350.0,167,Tanger,0.0,,True,False,https://www.avito.ma/fr/centre_ville/ordinateurs_portables/Lenovo_ThinkPad_T460_Ultrabook_Mobile_Professionnel__PD104027__54991806.htm,lenovo thinkpad t460 ultrabook mobile professionnel pd104027 état remis à neuf processeur,5968e336e3056926c5d1b3cee9bee7f1,False
78208091,Lenovo,Thinkpad T470,i7-6600u,8.0,256.0,1.0,Hd Graphics 520,Integrated,,14.0,,2000.0,175,Casablanca,0.0,,False,False,https://www.avito.ma/fr/casablanca/ordinateurs_portables/Casablanca_58679345.htm,casablanca à vendre lenovo thinkpad t470 pc professionnel ultra solide pc pour le,cdcceebebd9e6a6d65b4b2306e35f4bf,False
78207978,Lenovo,Thinkpad Workstation,i9 11th Gen,64.0,1000.0,1.0,,,,,,11000.0,231,Agadir,0.0,,False,False,https://www.avito.ma/fr/hay_massira/ordinateurs_portables/Lenovo_Thinkpad_Workstation_i9_11ème_58679132.htm,lenovo thinkpad workstation i9 11ème je vends un ordinateur portable lenovo thinkpad,cb79dcbb465af08c94a5406e30a42b22,False
78207892,Msi,Katana 17 B13vek,i7-13620h,32.0,1000.0,1.0,Rtx 4050,Dedicated,6.0,17.3,144.0,11990.0,560,Agadir,1.0,,True,False,https://www.avito.ma/fr/centre_ville/ordinateurs_portables/Pc_Portable_Gamer_MSI_Katana_17_i7_RTX_4050_58679059.htm,pc portable gamer msi katana 17 i7 rtx 4050 msi katana 17 b13v gaming pc portable,5eb7a9647053a4de996efef45d71ef15,False
78207780,Lenovo,Thinkpad P16v Gen 3 21rs0021us,Core Ultra 9 285h,96.0,1000.0,1.0,Rtx Pro 10,Dedicated,8.0,,,65900.0,518,Rabat,1.0,,True,False,https://www.avito.ma/fr/agdal/ordinateurs_portables/Lenovo_ThinkPad_P16v_Gen_3_RTX_PRO_58678956.htm,lenovo thinkpad p16v gen 3 rtx pro lenovo thinkpad p16v gen 3 21rs0021us station,af918d6e20974b4051c649224a4f34c2,False
78207809,Apple,Macbook Air M2,M2,8.0,512.0,1.0,Apple Gpu,Integrated,,,,7700.0,267,Rabat,0.0,,False,False,https://www.avito.ma/fr/rabat/ordinateurs_portables/MacBook_Air_M2_512_Go_58678981.htm,macbook air m2 512 go je vends un macbook air m2 avec une capacité de stockage de,166872a2d320f2ba04b4e54b387b1916,False
78207721,Lenovo,,i5 11th Gen,8.0,256.0,1.0,,,,,,2650.0,147,Oujda,0.0,,False,False,https://www.avito.ma/fr/oujda/ordinateurs_portables/Lenovo_i5_11ème_Génération_58678903.htm,lenovo i5 11ème génération à vendre ordinateur portable lenovo en très bon état.,2d43f20c524af40b7fe82e1402f39234,False
78207722,Hp,Victus 16,Ryzen 7 5800,16.0,,,Rtx 3050,Dedicated,,16.0,165.0,4700.0,393,Rabat,,,False,False,https://www.avito.ma/fr/rabat/ordinateurs_portables/PC_portable_Victus_16_165Hz_RTX_3050_58678902.htm,pc portable victus 16 165hz rtx 3050 victus 16 à vendre écran 165hz rtx 3050 ryzen,6ced443a5b15ccc3e012bfa5a578a43e,False
78207712,Msi,Thin Gf63,i5-12450h,16.0,512.0,1.0,Rtx 4050,Dedicated,,,144.0,8000.0,415,Fès,0.0,,False,False,https://www.avito.ma/fr/fès/ordinateurs_portables/Msi_thin_gf63_58678895.htm,msi thin gf63 laptop gamer msi thin gf63 gpu rtx 4050 cpu i5 12450h 16gb ram stockage,59de6e3a1534b3747004d8c0b0db35a6,False
78110255,Lenovo,Thinkpad L540,i5-l540,8.0,256.0,1.0,,,,,,1000.0,147,Kénitra,0.0,,False,False,https://www.avito.ma/fr/autre_secteur/ordinateurs_portables/Lenovo_Thinkpad_i5_l540_encore_neuf_58586666.htm,lenovo thinkpad i5 l540 encore neuf 8g ram 256 ssd,f08ffaebdf93043c948199730ebecf5d,False
78110264,Dell,Latitude 5530,i5-1245u,16.0,512.0,1.0,Mx 550,Dedicated,,15.0,,4400.0,298,Casablanca,,,False,False,https://www.avito.ma/fr/ain_sebaa/ordinateurs_portables/DELL_Latitude_5530_i5_1245U_16Go_512SSD_58586658.htm,dell latitude 5530 i5 1245u 16go 512ssd dell latitude 5530 15 i5 1245u 1.6 ghz 16,675bb47adbac837902efe905fd928d57,False
78110233,Dell,Latitude 3520,i5-1145g7,16.0,512.0,1.0,,,,,,3800.0,213,Casablanca,,,False,False,https://www.avito.ma/fr/ain_sebaa/ordinateurs_portables/Dell_Latitude_3520_i5_1145G7_16Go_512SSD_58586635.htm,dell latitude 3520 i5 1145g7 16go 512ssd dell latitude 3520 i5 1145g7 16go 512ssd,9ebefc96a7d39a092b25659a7e79897a,False
78110208,Dell,Latitude 3520,i5-1135g7,16.0,256.0,1.0,,,,,,2700.0,201,Casablanca,,,False,False,https://www.avito.ma/fr/ain_sebaa/ordinateurs_portables/Dell_Latitude_3520_i5_1135G7_16Go_256SSD_58586614.htm,dell latitude 3520 i5 1135g7 16go 256ssd dell latitude 3520 i5 1135g7 16go 256ssd,df1d26d3cc7f40394cfb3da2cf324a0d,False
78110173,Dell,Latitude 5580,i5-7300u,8.0,256.0,1.0,,,,,,1800.0,155,Casablanca,,,False,False,https://www.avito.ma/fr/ain_sebaa/ordinateurs_portables/DELL_Latitude_5580_i5_7300U_8Go_256SSD_58586593.htm,dell latitude 5580 i5 7300u 8go 256ssd dell latitude 5580 i5 7300u 8go 256ssd,b19ff038768d471e46db93f19cb9d664,False
78110143,Dell,Latitude 5590,i5-8350u,16.0,256.0,1.0,,,,,,2000.0,194,Casablanca,,,False,False,https://www.avito.ma/fr/ain_sebaa/ordinateurs_portables/Dell_Latitude_5590_i5_8350U_16Go_256SSD_58586554.htm,dell latitude 5590 i5 8350u 16go 256ssd dell latitude 5590 i5 8350u 16go 256ssd,93e156e4286079d988538fbf3781a019,False
78110126,Dell,Latitude 5310,i5-10210u,8.0,256.0,1.0,,,,,,2300.0,160,Casablanca,,,False,False,https://www.avito.ma/fr/ain_sebaa/ordinateurs_portables/DELL_Latitude_5310_i5_10210U_8Go_256SSD_58586543.htm,dell latitude 5310 i5 10210u 8go 256ssd dell latitude 5310 i5 10210u 8go 256ssd,63d1da010ff895a2474f64da9105dc6b,False
78110080,Dell,Latitude 5430,i5-1245u,16.0,256.0,1.0,,,,,,3200.0,209,Casablanca,,,False,False,https://www.avito.ma/fr/ain_sebaa/ordinateurs_portables/Dell_Latitude_5430_i5_1245U_16Go_256SSD_58586488.htm,dell latitude 5430 i5 1245u 16go 256ssd dell latitude 5430 i5 1245u 16go 256ssd,3cb3919e052fbf4752665d89d1fadb7c,False
78109971,Dell,Latitude 5430,i5-1245u,16.0,512.0,1.0,,,,,,3300.0,221,Casablanca,,,False,False,https://www.avito.ma/fr/ain_sebaa/ordinateurs_portables/Dell_Latitude_5430_i5_1245U_16Go_512SSD_58586398.htm,dell latitude 5430 i5 1245u 16go 512ssd dell latitude 5430 i5 1245u 16go 512ssd,bc81f212d70f5c16d6a1aa125a023c07,False
78109952,Dell,Latitude 7490,i7-8650u,16.0,512.0,1.0,,,,14.0,,2500.0,226,Casablanca,,,False,False,https://www.avito.ma/fr/ain_sebaa/ordinateurs_portables/DELL_Latitude_7490_i7_8650U_16Go_512SSD_58586382.htm,dell latitude 7490 i7 8650u 16go 512ssd dell latitude 7490 14 core i7 8650u 1.9 ghz,22ba36dbbe43f791e20e3794023fe80d,False
78109940,Apple,Macbook Pro M1,M1,16.0,512.0,1.0,,,,,,6500.0,233,Souk El Arbaa,0.0,,False,False,https://www.avito.ma/fr/souk_el_arbaa/ordinateurs_portables/MacBook_Pro_M1_13_58586374.htm,macbook pro m1 13 macbook pro m1 16g de ram 512g ssd 200 cycles de charge et peu,7c75003cb7144cdaca5efad3146c7d38,False
78109918,Dell,Latitude 7410,i7-1061u,16.0,512.0,1.0,,,,,,3300.0,193,Casablanca,,,False,False,https://www.avito.ma/fr/ain_sebaa/ordinateurs_portables/DELL_Latitude_7410_i7_1061U_16Go_512SSD_58586328.htm,dell latitude 7410 i7 1061u 16go 512ssd dell latitude 7410 i7 1061u 16go 512ssd,9ca85f0f05f7c6018362b29d51cc329b,False
78109545,Hp,250,AMD A8-7410,8.0,1256.0,1.0,Amd Radeon R5 M330,Dedicated,,,,1550.0,199,Casablanca,0.0,,False,False,https://www.avito.ma/fr/casablanca/ordinateurs_portables/PC_HP_250gb_SSD_et_carte_graphique_double_CPU_58586013.htm,pc hp 250gb ssd et carte graphique double cpu processeur amd a8 7410 apumémoire vive,6db33b391f6de37cd88d79ed10f8143d,False
78109455,Hp,Elitebook 840 G3,i5-6200u,8.0,628.0,1.0,Intel Hd Graphics 520,Integrated,,14.0,,1600.0,202,Casablanca,0.0,,False,False,https://www.avito.ma/fr/sidi_moumen/ordinateurs_portables/HP_i5_Elitebook_Slime_6ème_RAM_8_disque_SSD_et_500_58585901.htm,hp i5 elitebook slime 6ème ram 8 disque ssd et 500 hp slime elitebook 840 g3 importé,c7c206ed9e9fae7de72433bd8fbf12d2,False
78109374,Dell,,i5,8.0,300.0,0.0,,,,,,2000.0,158,Meknès,0.0,,False,False,https://www.avito.ma/fr/marjane_2/ordinateurs_portables/Ordinateur_portable_Dell_58585776.htm,ordinateur portable dell ordinateur portable dell i5 bon état 8g ram 300g disque,c8e213b2f9f7ba7647bc3dd31c1739e5,False
78109341,Asus,X756u,i5-7200u,,1125.0,1.0,Nvidia 920mx,Dedicated,2.0,17.3,,1700.0,193,Casablanca,,,False,False,https://www.avito.ma/fr/casablanca/ordinateurs_portables/PC_Asus_i5_7ème_génération_58585752.htm,pc asus i5 7ème génération asus x756u processeur i5 7ème génération deux cartes graphiques,c26f8ff1b242c3fdb78d5719e06ba157,False
77872563,Hp,Zbook Power G9,i7-12700h,32.0,512.0,1.0,Nvidia T600,Dedicated,4.0,,,5800.0,268,Rabat,,,True,False,https://www.avito.ma/fr/hassan/ordinateurs_portables/HP_ZBook_Power_G9_et_G7_et_G11_RTX_A500_58365150.htm,hp zbook power g9 et g7 et g11 rtx a500 hp zbook power g9 i7 12700h 2.3ghz jusqu,a68cdec7f31c4675c3a9a6def1fc2ae2,False
78109241,Hp,Notebook,i3-5005,8.0,128.0,1.0,Amd Radeon M330,Dedicated,2.0,15.0,,1400.0,174,Casablanca,0.0,,False,False,https://www.avito.ma/fr/sidi_moumen/ordinateurs_portables/HP_double_graphique_Ram_8_disque_SSD_58585658.htm,hp double graphique ram 8 disque ssd hp notebook double graphique très bon état importé,8fc2eb1c45a758627f1f860d70a669dc,False
78109144,Hp,Probook 430 G3,i5-6200u,8.0,238.0,1.0,Intel Hd Graphics 520,Integrated,,13.3,,1600.0,175,Ouled Teïma,0.0,,False,False,https://www.avito.ma/fr/ouled_teïma/ordinateurs_portables/Ordinateur_portable_d_occasion_58585580.htm,ordinateur portable d occasion 1. marque et modèle hp probook 430 g3 2. processeur,19576d36974ac36ab9193b1de9415076,False
78108818,Apple,Macbook Air M4,M4,16.0,256.0,1.0,,,,13.6,,15000.0,273,Casablanca,0.0,,False,False,https://www.avito.ma/fr/californie/ordinateurs_portables/MacBook_Air_13_6__M4__16_Go_RAM__256_Go_SSD_58585314.htm,macbook air 13 6 m4 16 go ram 256 go ssd à vendre macbook air 13 6 pouces avec puce,f0640c571464318cc2ed58a67162aa87,False
78108027,Hp,14,i5-1335u,8.0,512.0,1.0,Intel Iris Xe Graphics,Integrated,,14.0,,0.0,247,Rabat,0.0,,False,False,https://www.avito.ma/fr/autre_secteur/ordinateurs_portables/Ordinateur_portable_HP_14___i5_58584615.htm,ordinateur portable hp 14 i5 ordinateur portable hp 14 i5 à vendre en excellent état,66e25bf3047e9603270403d87c84c4b7,False
77508678,Asus,Zenbook Ux481f,i7,8.0,512.0,1.0,,,,14.0,,5000.0,200,Rabat,,,True,True,https://www.avito.ma/fr/yacoub_el_mansour/ordinateurs_portables/ASUS_ZENBOOK_58022999.htm,asus zenbook asus zenbook ux481f double écran voir les photos intel core i7 10ème,9afa758c25cd53cadecb94fc2821b3f1,False
78107937,Hp,Probook X360,Ryzen 5,16.0,256.0,1.0,,,,,,2800.0,232,Oujda,0.0,1.0,False,False,https://www.avito.ma/fr/hay_salam/ordinateurs_portables/Hp_probook_x360_ryzen_5_16ram_ssd_58584477.htm,hp probook x360 ryzen 5 16ram ssd à vendre ordinateur portable hp probook x360 performant.,d3478ea16e3e0ee5a61110166fba1ba1,False
78107837,Lenovo,Legion Rgb,i5-8300h,16.0,1250.0,1.0,Nvidia Geforce Gtx 1060,Dedicated,6.0,,,4000.0,304,Tanger,,,False,False,https://www.avito.ma/fr/tanger/ordinateurs_portables/LENOVO_LEGION_RGB__Sans_batterie__58584336.htm,lenovo legion rgb sans batterie pc portable lenovo config i5 8300h cpu 16gb ram nvidia,9d9451930410b58a0f2c0e170418ee8a,False
78107591,,,i5,8.0,256.0,,,,,,,3100.0,236,Errachidia,1.0,,False,False,https://www.avito.ma/fr/errachidia/ordinateurs_portables/i5_10ème_génération_256_go_8_go_ram_3100_58583970.htm,i5 10ème génération 256 go 8 go ram 3100 ordinateur portable neuf en vente avec les,fa63d0d90d2b05f33e5099a2676baed9,False
78107576,Lenovo,Thinkpad,i5,8.0,128.0,1.0,,,,,,1500.0,154,Errachidia,0.0,,False,False,https://www.avito.ma/fr/errachidia/ordinateurs_portables/i5_6ème_génération_128_ssd_8_ram_58583956.htm,i5 6ème génération 128 ssd 8 ram ordinateur portable lenovo thinkpad en bon état.,3b108397c7c0845bf3b47b0ba6074828,False
78107417,Hp,Probook 640 G4,i5-8250u,8.0,238.0,1.0,Intel Uhd Graphics 620,Integrated,,14.0,,1700.0,211,Béni Mellal,,1.0,False,False,https://www.avito.ma/fr/béni_mellal/ordinateurs_portables/HP_ProBook_640_G4___i5_8ème_Gén_58583833.htm,hp probook 640 g4 i5 8ème gén hp probook i5 8ème gén 8go ram ssd 238go processeur,ba21c65d48254fe4a5f169e6b4c9322c,False
78107247,Hp,Elitebook 830 G6,i5-8265u,8.0,256.0,1.0,Intel Uhd Graphics 620,Integrated,,,,2500.0,177,Tétouan,,,False,False,https://www.avito.ma/fr/tétouan/ordinateurs_portables/HP_EliteBook_830_G6_58583701.htm,hp elitebook 830 g6 processeur intel core i5 8265u 1.60ghz jusqu à 1.80ghz 8ème génération,7be4d5e4440c46d763d4924f3c7c3c99,False
78107229,Hp,Zbook Firefly 14 G8,i5-1145g7,16.0,256.0,1.0,,,,14.0,,3900.0,221,Oujda,0.0,,False,False,https://www.avito.ma/fr/oujda/ordinateurs_portables/ZBook_Firefly_14_G8_58583687.htm,zbook firefly 14 g8 je vends un ordinateur portable hp zbook firefly 14 g8 mobile,34e480d01c90eeb0bec095d48b9defa0,False
78107180,Hp,Elitebook 850 G7,i5,8.0,256.0,1.0,,,,15.6,,3100.0,186,Oujda,0.0,,False,False,https://www.avito.ma/fr/oujda/ordinateurs_portables/HP_Elitebook_850_G7_58583642.htm,hp elitebook 850 g7 ordinateur portable hp i5 10gen 8gb ram 256ssd 15 6 fhd en bon,1ac47328ad359f2547811a8b37951f94,False
78107141,Asus,,i5,4.0,128.0,1.0,Hd Graphics,Integrated,,12.0,,800.0,138,Casablanca,0.0,1.0,False,False,https://www.avito.ma/fr/sidi_moumen/ordinateurs_portables/Asus_i5_PC_et_tablette_disque_SSD_58583611.htm,asus i5 pc et tablette disque ssd asus i5 tactile très bon état importé d italie,87afe256ef31a0ae2e4a39db528e6eda,False
78107128,Lenovo,Thinkpad,AMD A8-8600P,8.0,128.0,1.0,Amd Radeon R6,Dedicated,,15.0,,1400.0,175,Casablanca,0.0,,False,False,https://www.avito.ma/fr/sidi_moumen/ordinateurs_portables/Lenovo_Thinkpad_RAM_8_disque_SSD_batterie_4h_58583602.htm,lenovo thinkpad ram 8 disque ssd batterie 4h lenovo amd a8 très bon état importé,784868356fed96c53250acfb9dd8827e,False
78107123,Hp,Probook 640 G3,i7-7600u,8.0,256.0,1.0,Intel Hd Graphics 620,Integrated,,14.0,,1900.0,187,Casablanca,0.0,,False,False,https://www.avito.ma/fr/sidi_moumen/ordinateurs_portables/HP_i7_7ème_Gén__RAM_8__Disque_256_SSD__Batterie_5h__Port_SIM_58583598.htm,hp i7 7ème gén ram 8 disque 256 ssd batterie 5h port sim hp probook 640 g3 i7 7ème,3e9a459ab2ca95e978f9f66d28b2c16b,False
78107122,Lenovo,Yoga,i5-7200u,8.0,256.0,1.0,Nvidia Geforce 940mx,Dedicated,2.0,14.0,,1600.0,252,Casablanca,0.0,1.0,False,False,https://www.avito.ma/fr/sidi_moumen/ordinateurs_portables/Lenovo_Yoga_i5_7ème_génération_double_RAM_8_disque_256_SSD_58583597.htm,lenovo yoga i5 7ème génération double ram 8 disque 256 ssd lenovo yoga tactile 360,467d9c204d54ff0501d7affb5e91d71e,False
78066256,Hp,Elitebook 850 G8,i7-1165g7,16.0,512.0,1.0,Intel Iris Xe Graphics,Integrated,,15.6,,0.0,272,Safi,,,True,False,https://www.avito.ma/fr/jerifat/ordinateurs_portables/Hp_Elitebook_850_G8_Intel_i7_1165G7_16Gb_ram_512Gb_58583419.htm,hp elitebook 850 g8 intel i7 1165g7 16gb ram 512gb hp elitebook 850 g8 intel i7 1165g7,833bc11aaa636a684daa78be0ea64da2,False
78089332,Apple,Macbook Air M3,M3,16.0,512.0,1.0,,,,,,8700.0,255,Khénifra,0.0,,False,False,https://www.avito.ma/fr/khénifra/ordinateurs_portables/MacBook_Air_M3___16Go_RAM___512Go_SSD_quasi_neuf_58583309.htm,macbook air m3 16go ram 512go ssd quasi neuf je mets en vente un macbook air m3 dans,63004d4fdb887fbb4522752c4203a9bc,False
78089286,Hp,Zbook 15u G2,i7-5500u,8.0,188.0,1.0,R7 M256 Series,Dedicated,,15.0,,1600.0,163,Casablanca,0.0,,False,False,https://www.avito.ma/fr/sidi_moumen/ordinateurs_portables/hp_i7_zbook_double_graphique_Ram_8_disque_SSD_58583308.htm,hp i7 zbook double graphique ram 8 disque ssd hp i7 zbook 15u g2 importé d italie,004c6ea25ce9ebd7fe27c7c1a3849666,False
78096645,Lenovo,Yoga,i5-7200u,8.0,256.0,1.0,Nvidia Geforce 940mx,Dedicated,2.0,14.0,,1700.0,252,Casablanca,0.0,1.0,False,False,https://www.avito.ma/fr/sidi_moumen/ordinateurs_portables/Lenovo_Yoga_Tactile_i5_7ème_Ram_8_disque_256_SSD_58583178.htm,lenovo yoga tactile i5 7ème ram 8 disque 256 ssd lenovo yoga tactile 360 importé,a66fd9c93429b7b356d76960945980e3,False
78096575,Hp,Spectre Pro G1,i7-6500u,8.0,,,,,,,,2300.0,130,Casablanca,0.0,,False,False,https://www.avito.ma/fr/oulfa/ordinateurs_portables/Hp_spectre_58583159.htm,hp spectre modèle hp spectre pro g1 processeur intel core i7 6500u 2 50 ghz 6e génération,4d2f8e4722e1725e2ccefe4cf1182682,False
78095414,Dell,Latitude 5490,i5-8250u,8.0,512.0,1.0,Intel Hd Graphics 620,Integrated,,14.0,,2000.0,204,Casablanca,0.0,,False,False,https://www.avito.ma/fr/sidi_moumen/ordinateurs_portables/Dell_i5_8ème_Ram_8_disque_512_SSD_batterie_4h_58583066.htm,dell i5 8ème ram 8 disque 512 ssd batterie 4h dell latitude 5490 i5 8ème importé,625f42b3f2d2db385a9bae2608a2d402,False
78095394,Hp,,i5-1035g1,8.0,256.0,1.0,Nvidia Mx330,Dedicated,2.0,15.0,,2500.0,240,Casablanca,0.0,,False,False,https://www.avito.ma/fr/sidi_moumen/ordinateurs_portables/HP_i5_10ème_gen_double_graphique_Ram_8_disque_256_SSD_58583061.htm,hp i5 10ème gen double graphique ram 8 disque 256 ssd hp i5 10ème génération double,09e056fc4ed852b4531513e57dea71fe,False
78095387,Dell,Latitude 7490,i5,8.0,256.0,1.0,Intel Uhd Graphics 620,Integrated,,14.0,,1800.0,204,Salé,0.0,,False,False,https://www.avito.ma/fr/salé/ordinateurs_portables/Dell_Latitude_7490_58583051.htm,dell latitude 7490 dell latitude 7490 i5 8ème gén 8go ram 256go ssd je vends mon,5349c071f7669cfd7f1e63f659730949,False
78094353,Apple,Macbook Pro Retina 15,i7,16.0,,,Intel Iris Pro,Integrated,1536.0,15.0,,2700.0,248,Kénitra,0.0,,False,False,https://www.avito.ma/fr/alliance/ordinateurs_portables/___MacBook_Pro_Retina___Très_bon_état_58582989.htm,macbook pro retina très bon état modèle macbook pro retina 15 mi 2014 processeur,3dd6d5b4f22fe734c310f8cad5ff2853,False
78103801,Hp,Notebook 15,i7,12.0,500.0,0.0,,,,15.6,,2600.0,205,Casablanca,,,False,False,https://www.avito.ma/fr/gauthier/ordinateurs_portables/Vente_d_un_PC_HP_58582852.htm,vente d un pc hp à vendre un joli pc hp notebook 15. processeur i7 7ème génération.,7a90e56839fba779d7e076989ae6792f,False
78106529,Apple,Macbook Pro M2 Pro,M2 Pro,16.0,256.0,1.0,,,,,,6000.0,237,Agadir,,,False,False,https://www.avito.ma/fr/lekhiam/ordinateurs_portables/MacBook_Pro_M2_2022_58582581.htm,macbook pro m2 2022 macbook pro m2 pro 2022 256 go ssd 16 go ram 94 état de batterie,05dd47bdaca79603259244c31563ab94,False
78106421,Asus,,Celeron,4.0,1000.0,,,,,,,999.0,122,Tétouan,0.0,,False,False,https://www.avito.ma/fr/tétouan/ordinateurs_portables/ASUS_Grand_Écran___4_Go_RAM___1_To___Intel_Celeron_58582481.htm,asus grand écran 4 go ram 1 to intel celeron pc portable asus grand écran bon état,6dd128ae75eddc3135bc2f27dc827ef7,False
78106264,Hp,Elitebook 840 G5,i5,16.0,477.0,,,,,,,2500.0,276,Meknès,1.0,,False,False,https://www.avito.ma/fr/riad_toulal/ordinateurs_portables/Très_bon_état_pour_le_travail_et_les_jeux_58582337.htm,très bon état pour le travail et les jeux desktop hu1im68 hp elitebook 840 g5 16,3398a844cca7836efa16b37bf87ea538,False
78106225,Hp,,AMD A9-9425,8.0,1128.0,1.0,Amd Radeon R5 Graphics,Integrated,,14.0,,1800.0,216,Casablanca,0.0,,False,False,https://www.avito.ma/fr/aïn_chock/ordinateurs_portables/Ordinateur_HP_portable_58582285.htm,ordinateur hp portable ordinateur portable hd à vendre écran 14 pouces hd processeur,b12aead501b04271610963bfb93903ea,False
78106126,Hp,Split 13 X2,i5-4200y,8.0,128.0,1.0,Intel Graphics Family,Integrated,,13.0,,1200.0,176,Casablanca,0.0,1.0,False,False,https://www.avito.ma/fr/sidi_moumen/ordinateurs_portables/PC_et_tablette_HP_i5_RAM_8_disque_SSD_Windows_10_58582191.htm,pc et tablette hp i5 ram 8 disque ssd windows 10 hp i5 tactile split 13 x2 importé,a4979c561de65dc7dfb6ce90c74e5f42,False
78106096,Lenovo,Thinkpad L380,i3-8100u,8.0,128.0,1.0,Intel Hd Graphics 620,Integrated,,14.0,,1600.0,168,Casablanca,0.0,,False,False,https://www.avito.ma/fr/sidi_moumen/ordinateurs_portables/Lenovo_8ème_génération_RAM_8_disque_SSD_batterie_5h_58582169.htm,lenovo 8ème génération ram 8 disque ssd batterie 5h lenovo thinkpad 8ème génération,0c8467b08e7ca0000d7264762a91ce7b,False
78106066,Asus,X5ua,i7-6500u,8.0,128.0,1.0,Intel 520,Integrated,,15.0,,1600.0,168,Casablanca,0.0,,False,False,https://www.avito.ma/fr/sidi_moumen/ordinateurs_portables/Asus_i7_6ème_Ram_8_disque_SSD_écran_15_58582145.htm,asus i7 6ème ram 8 disque ssd écran 15 asus i7 6ème génération x5ua très bon état,6b19e61f13b0249ab528dddea9254e49,False
78106029,Hp,,i5-1035g1,8.0,256.0,1.0,Nvidia Mx330,Dedicated,2.0,15.0,,2500.0,240,Casablanca,0.0,,False,False,https://www.avito.ma/fr/sidi_moumen/ordinateurs_portables/HP_i5_10ème_gen_double_graphique_Ram_8_disque_256_SSD_58582119.htm,hp i5 10ème gen double graphique ram 8 disque 256 ssd hp i5 10ème génération double,09e056fc4ed852b4531513e57dea71fe,False
78105913,,,i5,12.0,,,,,,,,1600.0,155,Casablanca,,,False,False,https://www.avito.ma/fr/casablanca/ordinateurs_portables/PC_portable_i5_8ème_gen_12Go_RAM_58582004.htm,pc portable i5 8ème gen 12go ram pc portable bureautique et jeux légers avec un windows,e4af8d4edcc1a756dd5b75c7f1abd647,False
78105897,Lenovo,Thinkpad,AMD A8-8600P,8.0,128.0,1.0,Amd Radeon R6,Dedicated,,15.0,,1400.0,175,Casablanca,0.0,,False,False,https://www.avito.ma/fr/sidi_moumen/ordinateurs_portables/Lenovo_Thinkpad_Ram_8_disque_SSD_batterie_4h_58581991.htm,lenovo thinkpad ram 8 disque ssd batterie 4h lenovo amd a8 très bon état importé,784868356fed96c53250acfb9dd8827e,False
78105704,Apple,Macbook Air,i5,4.0,128.0,1.0,Intel Graphics 40,Integrated,,13.3,,1400.0,151,Casablanca,,,False,False,https://www.avito.ma/fr/sidi_moumen/ordinateurs_portables/MacBook_i5_Slim_Air_disque_SSD_batterie_4h_58581808.htm,macbook i5 slim air disque ssd batterie 4h macbook air slim i5 écran 13.3 hd processeur,cb2beb27198dfd6b8c6ea6fa88f6fb0f,False
78105684,Hp,Elitebook 840 G3,i5-6200u,8.0,628.0,1.0,Intel Hd Graphics 520,Integrated,,14.0,,1600.0,202,Casablanca,0.0,,False,False,https://www.avito.ma/fr/sidi_moumen/ordinateurs_portables/HP_i5_Elitebook_Slime_6ème_RAM_8_disque_SSD_et_500_58581789.htm,hp i5 elitebook slime 6ème ram 8 disque ssd et 500 hp slime elitebook 840 g3 importé,c7c206ed9e9fae7de72433bd8fbf12d2,False
78105670,Apple,Macbook Pro Retina 2012,i7,8.0,256.0,1.0,Nvidia Gt 660 M Geforce,Dedicated,,15.4,,1900.0,188,Casablanca,,,False,False,https://www.avito.ma/fr/sidi_moumen/ordinateurs_portables/MacBook_i7_pro_Rétine_double_Ram_8_disque_256_SSD_58581778.htm,macbook i7 pro rétine double ram 8 disque 256 ssd macbook pro retina 2012 i7 double,f5ba16ff8897e882f1fdce80ca71d887,False
78105620,Hp,Elitebook 840 G4,i5-7300u,8.0,512.0,1.0,Intel Hd Graphics 620,Integrated,,14.0,,1700.0,199,Casablanca,0.0,,False,False,https://www.avito.ma/fr/sidi_maarouf/ordinateurs_portables/___HP_EliteBook_840_G4___i5___8GB_RAM___SSD_512GB_58581732.htm,hp elitebook 840 g4 i5 8gb ram ssd 512gb hp elitebook 840 g4 i5 8gb ram ssd 512gb,f51e23c4ca04a5d9c664dd12c74d1dae,False
78105591,Apple,Macbook Air M4,M4,16.0,256.0,,,,,13.0,,9000.0,253,Casablanca,,,False,False,https://www.avito.ma/fr/sidi_moumen/ordinateurs_portables/MacBook_Air_M4_16_RAM_256G_58581707.htm,macbook air m4 16 ram 256g 13 pouces batterie 100 cycle de charge 2,0fe4987ab978d1540943a56e7f1efb50,False
78105578,Apple,Macbook Air M4,M4,16.0,256.0,,,,,15.0,,9000.0,258,Casablanca,,,False,False,https://www.avito.ma/fr/sidi_moumen/ordinateurs_portables/MacBook_Air_M4_16_RAM_256G_58581697.htm,macbook air m4 16 ram 256g 15 pouce batterie 100 cycle de charge 4 sans chargeur,0fe4987ab978d1540943a56e7f1efb50,False
78105460,Toshiba,Dynabook,i7,16.0,256.0,,,,,,,3400.0,189,El Jadida,,,False,False,https://www.avito.ma/fr/saada/ordinateurs_portables/PC_TOSHIBA_dynabook_métal_i7_11ème_256_16_58581597.htm,pc toshiba dynabook métal i7 11ème 256 16 pc portable toshiba dynabook très propre,cf9399f87d4538ea4b46681eca84134f,False
78105306,Hp,250 15.6 Inch G10 Notebook Pc,i5-1334u,8.0,477.0,,Intel Uhd Graphics,Integrated,,15.6,,5500.0,210,Berkane,,,False,False,https://www.avito.ma/fr/berkane/ordinateurs_portables/Ordinateur_portable_HP_58581378.htm,ordinateur portable hp modèle hp 250 15.6 inch g10 notebook pc processeur intel core,e4a5018bbeb0bf7a0dc73d224c714d96,False
78105249,Lenovo,Yoga,i5-7200u,8.0,256.0,1.0,Nvidia Geforce 940mx,Dedicated,2.0,14.0,,1700.0,252,Casablanca,0.0,1.0,False,False,https://www.avito.ma/fr/sidi_moumen/ordinateurs_portables/Lenovo_Yoga_i5_7ème_génération_double_RAM_8_disque_256_SSD_58581310.htm,lenovo yoga i5 7ème génération double ram 8 disque 256 ssd lenovo yoga tactile 360,467d9c204d54ff0501d7affb5e91d71e,False
78105228,Lenovo,Thinkpad E570,i5-7200u,8.0,628.0,1.0,Intel Hd Graphics 620,Integrated,,15.0,,1700.0,197,Casablanca,0.0,,False,False,https://www.avito.ma/fr/sidi_moumen/ordinateurs_portables/Lenovo_Thinkpad_i5_7ème_RAM_8_Disque_SSD_et_500_58581294.htm,lenovo thinkpad i5 7ème ram 8 disque ssd et 500 lenovo thinkpad i5 7ème e570 importé,3a02408ebd7dda071b6b2468028bac00,False
78105222,Asus,,i5-6300,8.0,512.0,1.0,Intel Hd Graphics Family,Integrated,,15.0,,1600.0,193,Casablanca,0.0,,False,False,https://www.avito.ma/fr/sidi_moumen/ordinateurs_portables/Asus_i5_6ème_Ram_8_disque_512_SSD_batterie_4h_58581287.htm,asus i5 6ème ram 8 disque 512 ssd batterie 4h asus i5 6ème génération très bon état,c4ce898cad2c087930d44c658bca9234,False
78105181,Lenovo,Legion Pro 7i,i9-13900h,32.0,2000.0,1.0,Nvidia Geforce Rtx 4090,Dedicated,,16.0,,15000.0,568,Tanger,1.0,,False,False,https://www.avito.ma/fr/autre_secteur/ordinateurs_portables/Legion_Pro_7i_rtx_4090__à_lire_attentivement_58581258.htm,legion pro 7i rtx 4090 à lire attentivement je vends mon lenovo legion pro 7i de,b5cd2f56f82b67bf605f57d0f9b2899e,False
78104773,Hp,Laptop 15 Dw3032nk,i5-1135g7,8.0,256.0,1.0,Intel Iris Xe Graphics,Integrated,,15.6,,4000.0,304,Casablanca,1.0,,False,False,https://www.avito.ma/fr/oulfa/ordinateurs_portables/HP_15_dw3032nk_NEUF_avec_Carton___Super_Prix_58580926.htm,hp 15 dw3032nk neuf avec carton super prix hp laptop 15 neuf avec son carton scellé,0fa483b4b15b9f50d98b7645bc355075,False
78104721,Msi,Bravo 15 B5dd,Ryzen 7 5800h,16.0,1000.0,1.0,Amd Radeon Rx 5500m,Dedicated,4.0,15.6,144.0,5900.0,409,Ksar el-Kebir,0.0,,False,False,https://www.avito.ma/fr/ksar_el_kebir/ordinateurs_portables/PC_Gamer_Laptop_58580881.htm,pc gamer laptop je vends un pc gamer laptop msi bravo 15 b5dd en excellent état.,3477efc2b1521c4c6bcb397691519026,False
78104558,Msi,Cyborg 15 A13v,i7-13620h,16.0,1000.0,1.0,Nvidia Geforce Rtx 4060,Dedicated,8.0,15.6,144.0,12000.0,484,Safi,,,False,False,https://www.avito.ma/fr/hay_essalam/ordinateurs_portables/MSI_Cyborg_15h_58580754.htm,msi cyborg 15h à vendre ordinateur portable msi cyborg 15 a13v avec des spécifications,96a23d9c6421061a4c8a78234a2e785d,False
78104529,Msi,Cyborg 15 A13v,i7-13620h,16.0,1000.0,1.0,Nvidia Geforce Rtx 4060,Dedicated,8.0,15.6,144.0,12000.0,484,Safi,,,False,False,https://www.avito.ma/fr/hay_essalam/ordinateurs_portables/Quartier_As_Safi_Salam_58580734.htm,quartier as safi salam à vendre ordinateur portable msi cyborg 15 a13v avec des spécifications,1f1a8061b3366046b946530e96129346,False
78104433,Hp,Elitebook 840 G3,i5-6200u,8.0,628.0,1.0,Intel Hd Graphics 520,Integrated,,14.0,,1600.0,202,Casablanca,0.0,,False,False,https://www.avito.ma/fr/sidi_moumen/ordinateurs_portables/HP_i5_Elitebook_Slime_6ème_RAM_8_disque_SSD_et_500_58580655.htm,hp i5 elitebook slime 6ème ram 8 disque ssd et 500 hp slime elitebook 840 g3 importé,c7c206ed9e9fae7de72433bd8fbf12d2,False
78104306,Hp,250 G6 Notebook,i3-7020u,8.0,628.0,1.0,Intel Hd Graphics 620,Integrated,,15.0,,1500.0,195,Casablanca,0.0,,False,False,https://www.avito.ma/fr/sidi_moumen/ordinateurs_portables/HP_7ème_génération_RAM_8_disque_SSD_et_500_batterie_5h_58580544.htm,hp 7ème génération ram 8 disque ssd et 500 batterie 5h hp 7ème génération très bon,ddbd4b46be9b0fbd1caddd61804b8857,False
78104266,Apple,Macbook Pro,i5,8.0,128.0,1.0,Intel Hd Graphics 40,Integrated,,13.3,,1400.0,181,Casablanca,,,False,False,https://www.avito.ma/fr/sidi_moumen/ordinateurs_portables/MacBook_i5_pro_Ram_8_disque_SSD_batterie_5h_58580508.htm,macbook i5 pro ram 8 disque ssd batterie 5h macbook pro écran 13.3 processeur intel,a4af01076219e87614c24207c5726b2e,False
78104253,Hp,Elitebook 2570p,i7-3520m,8.0,128.0,1.0,Intel Graphics 40,Integrated,,13.0,,1300.0,164,Casablanca,0.0,,False,False,https://www.avito.ma/fr/sidi_moumen/ordinateurs_portables/hp_i7_EliteBook_professionnel_Ram_8_disque_SSD_58580497.htm,hp i7 elitebook professionnel ram 8 disque ssd hp i7 elitebook 2570p très bon état,6bf4e191ba96d686be8d6e6a3fd64ade,False
